spread_line,result,normalized_modeled_prob
-19.0,-75,0.0000015
-19.0,-74,0.0000020
-19.0,-73,0.0000026
-19.0,-72,0.0000035
-19.0,-71,0.0000046
-19.0,-70,0.0000061
-19.0,-69,0.0000080
-19.0,-68,0.0000104
-19.0,-67,0.0000135
-19.0,-66,0.0000174
-19.0,-65,0.0000222
-19.0,-64,0.0000283
-19.0,-63,0.0000359
-19.0,-62,0.0000453
-19.0,-61,0.0000568
-19.0,-60,0.0000708
-19.0,-59,0.0000879
-19.0,-58,0.0001085
-19.0,-57,0.0001332
-19.0,-56,0.0001626
-19.0,-55,0.0001975
-19.0,-54,0.0002386
-19.0,-53,0.0002868
-19.0,-52,0.0003428
-19.0,-51,0.0004076
-19.0,-50,0.0004821
-19.0,-49,0.0005672
-19.0,-48,0.0006637
-19.0,-47,0.0007725
-19.0,-46,0.0008975
-19.0,-45,0.0013004
-19.0,-44,0.0051764
-19.0,-43,0.0114471
-19.0,-42,0.0100338
-19.0,-41,0.0130750
-19.0,-40,0.0068177
-19.0,-39,0.0079372
-19.0,-38,0.0158390
-19.0,-37,0.0081191
-19.0,-36,0.0037497
-19.0,-35,0.0104011
-19.0,-34,0.0212038
-19.0,-33,0.0115601
-19.0,-32,0.0135735
-19.0,-31,0.0266086
-19.0,-30,0.0144197
-19.0,-29,0.0171268
-19.0,-28,0.0338177
-19.0,-27,0.0170045
-19.0,-26,0.0074521
-19.0,-25,0.0231642
-19.0,-24,0.0487635
-19.0,-23,0.0252297
-19.0,-22,0.0333331
-19.0,-21,0.0701223
-19.0,-20,0.0323000
-19.0,-19,0.0094934
-19.0,-18,0.0305469
-19.0,-17,0.0663163
-19.0,-16,0.0315239
-19.0,-15,0.0238604
-19.0,-14,0.0461168
-19.0,-13,0.0219069
-19.0,-12,0.0070477
-19.0,-11,0.0160816
-19.0,-10,0.0319822
-19.0,-9,0.0161972
-19.0,-8,0.0136371
-19.0,-7,0.0251591
-19.0,-6,0.0123778
-19.0,-5,0.0045139
-19.0,-4,0.0096191
-19.0,-3,0.0186196
-19.0,-2,0.0091048
-19.0,-1,0.0029197
-19.0,0,0.0007870
-19.0,1,0.0023680
-19.0,2,0.0062034
-19.0,3,0.0123000
-19.0,4,0.0057969
-19.0,5,0.0018102
-19.0,6,0.0045201
-19.0,7,0.0092881
-19.0,8,0.0044252
-19.0,9,0.0038060
-19.0,10,0.0075989
-19.0,11,0.0033771
-19.0,12,0.0008040
-19.0,13,0.0026640
-19.0,14,0.0059048
-19.0,15,0.0026757
-19.0,16,0.0023205
-19.0,17,0.0049482
-19.0,18,0.0020944
-19.0,19,0.0003646
-19.0,20,0.0016879
-19.0,21,0.0039693
-19.0,22,0.0017429
-19.0,23,0.0015286
-19.0,24,0.0033993
-19.0,25,0.0014023
-19.0,26,0.0001960
-19.0,27,0.0011541
-19.0,28,0.0027946
-19.0,29,0.0012115
-19.0,30,0.0010731
-19.0,31,0.0024291
-19.0,32,0.0009924
-19.0,33,0.0000712
-19.0,34,0.0000041
-19.0,35,0.0000025
-19.0,36,0.0000019
-19.0,37,0.0000014
-19.0,38,0.0000010
-19.0,39,0.0000008
-19.0,40,0.0000006
-19.0,41,0.0000004
-19.0,42,0.0000003
-19.0,43,0.0000002
-19.0,44,0.0000002
-19.0,45,0.0000001
-19.0,46,0.0000001
-19.0,47,0.0000001
-19.0,48,0.0000000
-19.0,49,0.0000000
-19.0,50,0.0000000
-19.0,51,0.0000000
-19.0,52,0.0000000
-19.0,53,0.0000000
-19.0,54,0.0000000
-19.0,55,0.0000000
-19.0,56,0.0000000
-19.0,57,0.0000000
-19.0,58,0.0000000
-19.0,59,0.0000000
-19.0,60,0.0000000
-19.0,61,0.0000000
-19.0,62,0.0000000
-19.0,63,0.0000000
-19.0,64,0.0000000
-19.0,65,0.0000000
-19.0,66,0.0000000
-19.0,67,0.0000000
-19.0,68,0.0000000
-19.0,69,0.0000000
-19.0,70,0.0000000
-19.0,71,0.0000000
-19.0,72,0.0000000
-19.0,73,0.0000000
-19.0,74,0.0000000
-18.0,-75,0.0000011
-18.0,-74,0.0000015
-18.0,-73,0.0000021
-18.0,-72,0.0000028
-18.0,-71,0.0000037
-18.0,-70,0.0000049
-18.0,-69,0.0000064
-18.0,-68,0.0000084
-18.0,-67,0.0000109
-18.0,-66,0.0000141
-18.0,-65,0.0000182
-18.0,-64,0.0000233
-18.0,-63,0.0000297
-18.0,-62,0.0000376
-18.0,-61,0.0000474
-18.0,-60,0.0000594
-18.0,-59,0.0000742
-18.0,-58,0.0000920
-18.0,-57,0.0001136
-18.0,-56,0.0001394
-18.0,-55,0.0001702
-18.0,-54,0.0002068
-18.0,-53,0.0002498
-18.0,-52,0.0003003
-18.0,-51,0.0003589
-18.0,-50,0.0004268
-18.0,-49,0.0005048
-18.0,-48,0.0005938
-18.0,-47,0.0006949
-18.0,-46,0.0008119
-18.0,-45,0.0012031
-18.0,-44,0.0050187
-18.0,-43,0.0111954
-18.0,-42,0.0097888
-18.0,-41,0.0127702
-18.0,-40,0.0066099
-18.0,-39,0.0076926
-18.0,-38,0.0154399
-18.0,-37,0.0078761
-18.0,-36,0.0035964
-18.0,-35,0.0100842
-18.0,-34,0.0206208
-18.0,-33,0.0112390
-18.0,-32,0.0131663
-18.0,-31,0.0258032
-18.0,-30,0.0140260
-18.0,-29,0.0165798
-18.0,-28,0.0326170
-18.0,-27,0.0165274
-18.0,-26,0.0073801
-18.0,-25,0.0221581
-18.0,-24,0.0462337
-18.0,-23,0.0241182
-18.0,-22,0.0308582
-18.0,-21,0.0640182
-18.0,-20,0.0299749
-18.0,-19,0.0103259
-18.0,-18,0.0361393
-18.0,-17,0.0738444
-18.0,-16,0.0345036
-18.0,-15,0.0247701
-18.0,-14,0.0482112
-18.0,-13,0.0226682
-18.0,-12,0.0069882
-18.0,-11,0.0162915
-18.0,-10,0.0326904
-18.0,-9,0.0164749
-18.0,-8,0.0137874
-18.0,-7,0.0255415
-18.0,-6,0.0125499
-18.0,-5,0.0045599
-18.0,-4,0.0097240
-18.0,-3,0.0188219
-18.0,-2,0.0092320
-18.0,-1,0.0030000
-18.0,0,0.0007389
-18.0,1,0.0024598
-18.0,2,0.0063052
-18.0,3,0.0124143
-18.0,4,0.0058942
-18.0,5,0.0018951
-18.0,6,0.0045928
-18.0,7,0.0093433
-18.0,8,0.0044859
-18.0,9,0.0038553
-18.0,10,0.0076206
-18.0,11,0.0034152
-18.0,12,0.0008499
-18.0,13,0.0026875
-18.0,14,0.0058945
-18.0,15,0.0026879
-18.0,16,0.0023276
-18.0,17,0.0049224
-18.0,18,0.0020951
-18.0,19,0.0003803
-18.0,20,0.0016830
-18.0,21,0.0039318
-18.0,22,0.0017319
-18.0,23,0.0015165
-18.0,24,0.0033581
-18.0,25,0.0013886
-18.0,26,0.0001985
-18.0,27,0.0011398
-18.0,28,0.0027527
-18.0,29,0.0011946
-18.0,30,0.0010568
-18.0,31,0.0023885
-18.0,32,0.0009765
-18.0,33,0.0000711
-18.0,34,0.0000049
-18.0,35,0.0000031
-18.0,36,0.0000023
-18.0,37,0.0000018
-18.0,38,0.0000013
-18.0,39,0.0000010
-18.0,40,0.0000007
-18.0,41,0.0000005
-18.0,42,0.0000004
-18.0,43,0.0000003
-18.0,44,0.0000002
-18.0,45,0.0000001
-18.0,46,0.0000001
-18.0,47,0.0000001
-18.0,48,0.0000001
-18.0,49,0.0000000
-18.0,50,0.0000000
-18.0,51,0.0000000
-18.0,52,0.0000000
-18.0,53,0.0000000
-18.0,54,0.0000000
-18.0,55,0.0000000
-18.0,56,0.0000000
-18.0,57,0.0000000
-18.0,58,0.0000000
-18.0,59,0.0000000
-18.0,60,0.0000000
-18.0,61,0.0000000
-18.0,62,0.0000000
-18.0,63,0.0000000
-18.0,64,0.0000000
-18.0,65,0.0000000
-18.0,66,0.0000000
-18.0,67,0.0000000
-18.0,68,0.0000000
-18.0,69,0.0000000
-18.0,70,0.0000000
-18.0,71,0.0000000
-18.0,72,0.0000000
-18.0,73,0.0000000
-18.0,74,0.0000000
-16.0,-75,0.0000006
-16.0,-74,0.0000008
-16.0,-73,0.0000010
-16.0,-72,0.0000014
-16.0,-71,0.0000019
-16.0,-70,0.0000025
-16.0,-69,0.0000033
-16.0,-68,0.0000044
-16.0,-67,0.0000058
-16.0,-66,0.0000076
-16.0,-65,0.0000098
-16.0,-64,0.0000127
-16.0,-63,0.0000164
-16.0,-62,0.0000210
-16.0,-61,0.0000268
-16.0,-60,0.0000339
-16.0,-59,0.0000428
-16.0,-58,0.0000537
-16.0,-57,0.0000670
-16.0,-56,0.0000831
-16.0,-55,0.0001025
-16.0,-54,0.0001259
-16.0,-53,0.0001537
-16.0,-52,0.0001867
-16.0,-51,0.0002256
-16.0,-50,0.0002711
-16.0,-49,0.0003241
-16.0,-48,0.0003854
-16.0,-47,0.0004558
-16.0,-46,0.0005386
-16.0,-45,0.0008415
-16.0,-44,0.0038939
-16.0,-43,0.0088414
-16.0,-42,0.0076893
-16.0,-41,0.0100543
-16.0,-40,0.0051173
-16.0,-39,0.0059517
-16.0,-38,0.0121043
-16.0,-37,0.0060959
-16.0,-36,0.0026959
-16.0,-35,0.0078009
-16.0,-34,0.0160942
-16.0,-33,0.0087378
-16.0,-32,0.0102046
-16.0,-31,0.0200503
-16.0,-30,0.0109289
-16.0,-29,0.0128324
-16.0,-28,0.0251473
-16.0,-27,0.0128907
-16.0,-26,0.0059235
-16.0,-25,0.0169149
-16.0,-24,0.0348106
-16.0,-23,0.0184507
-16.0,-22,0.0227140
-16.0,-21,0.0460916
-16.0,-20,0.0222067
-16.0,-19,0.0088831
-16.0,-18,0.0354883
-16.0,-17,0.0786259
-16.0,-16,0.0375053
-16.0,-15,0.0330517
-16.0,-14,0.0673782
-16.0,-13,0.0308978
-16.0,-12,0.0084571
-16.0,-11,0.0206900
-16.0,-10,0.0424148
-16.0,-9,0.0210868
-16.0,-8,0.0173438
-16.0,-7,0.0324942
-16.0,-6,0.0158679
-16.0,-5,0.0056516
-16.0,-4,0.0121793
-16.0,-3,0.0236635
-16.0,-2,0.0116426
-16.0,-1,0.0038381
-16.0,0,0.0007994
-16.0,1,0.0032158
-16.0,2,0.0079864
-16.0,3,0.0155524
-16.0,4,0.0074819
-16.0,5,0.0025282
-16.0,6,0.0058244
-16.0,7,0.0116351
-16.0,8,0.0056705
-16.0,9,0.0048676
-16.0,10,0.0094363
-16.0,11,0.0043018
-16.0,12,0.0011646
-16.0,13,0.0033713
-16.0,14,0.0072345
-16.0,15,0.0033443
-16.0,16,0.0028883
-16.0,17,0.0059990
-16.0,18,0.0025860
-16.0,19,0.0005128
-16.0,20,0.0020639
-16.0,21,0.0047493
-16.0,22,0.0021080
-16.0,23,0.0018399
-16.0,24,0.0040326
-16.0,25,0.0016774
-16.0,26,0.0002531
-16.0,27,0.0013691
-16.0,28,0.0032844
-16.0,29,0.0014292
-16.0,30,0.0012610
-16.0,31,0.0028391
-16.0,32,0.0011629
-16.0,33,0.0000879
-16.0,34,0.0000086
-16.0,35,0.0000059
-16.0,36,0.0000045
-16.0,37,0.0000034
-16.0,38,0.0000025
-16.0,39,0.0000019
-16.0,40,0.0000014
-16.0,41,0.0000010
-16.0,42,0.0000008
-16.0,43,0.0000006
-16.0,44,0.0000004
-16.0,45,0.0000003
-16.0,46,0.0000002
-16.0,47,0.0000002
-16.0,48,0.0000001
-16.0,49,0.0000001
-16.0,50,0.0000001
-16.0,51,0.0000000
-16.0,52,0.0000000
-16.0,53,0.0000000
-16.0,54,0.0000000
-16.0,55,0.0000000
-16.0,56,0.0000000
-16.0,57,0.0000000
-16.0,58,0.0000000
-16.0,59,0.0000000
-16.0,60,0.0000000
-16.0,61,0.0000000
-16.0,62,0.0000000
-16.0,63,0.0000000
-16.0,64,0.0000000
-16.0,65,0.0000000
-16.0,66,0.0000000
-16.0,67,0.0000000
-16.0,68,0.0000000
-16.0,69,0.0000000
-16.0,70,0.0000000
-16.0,71,0.0000000
-16.0,72,0.0000000
-16.0,73,0.0000000
-16.0,74,0.0000000
-15.5,-75,0.0000005
-15.5,-74,0.0000007
-15.5,-73,0.0000009
-15.5,-72,0.0000012
-15.5,-71,0.0000016
-15.5,-70,0.0000022
-15.5,-69,0.0000029
-15.5,-68,0.0000039
-15.5,-67,0.0000051
-15.5,-66,0.0000067
-15.5,-65,0.0000088
-15.5,-64,0.0000114
-15.5,-63,0.0000147
-15.5,-62,0.0000189
-15.5,-61,0.0000242
-15.5,-60,0.0000307
-15.5,-59,0.0000388
-15.5,-58,0.0000488
-15.5,-57,0.0000610
-15.5,-56,0.0000759
-15.5,-55,0.0000940
-15.5,-54,0.0001157
-15.5,-53,0.0001416
-15.5,-52,0.0001725
-15.5,-51,0.0002090
-15.5,-50,0.0002518
-15.5,-49,0.0003018
-15.5,-48,0.0003598
-15.5,-47,0.0004267
-15.5,-46,0.0005057
-15.5,-45,0.0008021
-15.5,-44,0.0038165
-15.5,-43,0.0087041
-15.5,-42,0.0075593
-15.5,-41,0.0098898
-15.5,-40,0.0050107
-15.5,-39,0.0058267
-15.5,-38,0.0118924
-15.5,-37,0.0059664
-15.5,-36,0.0026127
-15.5,-35,0.0076347
-15.5,-34,0.0157946
-15.5,-33,0.0085611
-15.5,-32,0.0099929
-15.5,-31,0.0196588
-15.5,-30,0.0107155
-15.5,-29,0.0125664
-15.5,-28,0.0246195
-15.5,-27,0.0126465
-15.5,-26,0.0058419
-15.5,-25,0.0165314
-15.5,-24,0.0339315
-15.5,-23,0.0180496
-15.5,-22,0.0220733
-15.5,-21,0.0445871
-15.5,-20,0.0216182
-15.5,-19,0.0087340
-15.5,-18,0.0332353
-15.5,-17,0.0730216
-15.5,-16,0.0351682
-15.5,-15,0.0347689
-15.5,-14,0.0721926
-15.5,-13,0.0328580
-15.5,-12,0.0086349
-15.5,-11,0.0213728
-15.5,-10,0.0440809
-15.5,-9,0.0218227
-15.5,-8,0.0178447
-15.5,-7,0.0335463
-15.5,-6,0.0163437
-15.5,-5,0.0057756
-15.5,-4,0.0125029
-15.5,-3,0.0243349
-15.5,-2,0.0119740
-15.5,-1,0.0039512
-15.5,0,0.0007913
-15.5,1,0.0033281
-15.5,2,0.0082206
-15.5,3,0.0159756
-15.5,4,0.0077077
-15.5,5,0.0026321
-15.5,6,0.0059990
-15.5,7,0.0119352
-15.5,8,0.0058376
-15.5,9,0.0050098
-15.5,10,0.0096670
-15.5,11,0.0044258
-15.5,12,0.0012222
-15.5,13,0.0034655
-15.5,14,0.0073957
-15.5,15,0.0034312
-15.5,16,0.0029615
-15.5,17,0.0061220
-15.5,18,0.0026482
-15.5,19,0.0005372
-15.5,20,0.0021102
-15.5,21,0.0048355
-15.5,22,0.0021509
-15.5,23,0.0018758
-15.5,24,0.0040995
-15.5,25,0.0017082
-15.5,26,0.0002618
-15.5,27,0.0013921
-15.5,28,0.0033331
-15.5,29,0.0014516
-15.5,30,0.0012799
-15.5,31,0.0028782
-15.5,32,0.0011796
-15.5,33,0.0000901
-15.5,34,0.0000096
-15.5,35,0.0000067
-15.5,36,0.0000051
-15.5,37,0.0000038
-15.5,38,0.0000029
-15.5,39,0.0000022
-15.5,40,0.0000016
-15.5,41,0.0000012
-15.5,42,0.0000009
-15.5,43,0.0000007
-15.5,44,0.0000005
-15.5,45,0.0000004
-15.5,46,0.0000003
-15.5,47,0.0000002
-15.5,48,0.0000001
-15.5,49,0.0000001
-15.5,50,0.0000001
-15.5,51,0.0000001
-15.5,52,0.0000000
-15.5,53,0.0000000
-15.5,54,0.0000000
-15.5,55,0.0000000
-15.5,56,0.0000000
-15.5,57,0.0000000
-15.5,58,0.0000000
-15.5,59,0.0000000
-15.5,60,0.0000000
-15.5,61,0.0000000
-15.5,62,0.0000000
-15.5,63,0.0000000
-15.5,64,0.0000000
-15.5,65,0.0000000
-15.5,66,0.0000000
-15.5,67,0.0000000
-15.5,68,0.0000000
-15.5,69,0.0000000
-15.5,70,0.0000000
-15.5,71,0.0000000
-15.5,72,0.0000000
-15.5,73,0.0000000
-15.5,74,0.0000000
-15.0,-75,0.0000004
-15.0,-74,0.0000006
-15.0,-73,0.0000008
-15.0,-72,0.0000011
-15.0,-71,0.0000014
-15.0,-70,0.0000019
-15.0,-69,0.0000026
-15.0,-68,0.0000034
-15.0,-67,0.0000045
-15.0,-66,0.0000059
-15.0,-65,0.0000078
-15.0,-64,0.0000101
-15.0,-63,0.0000131
-15.0,-62,0.0000169
-15.0,-61,0.0000216
-15.0,-60,0.0000276
-15.0,-59,0.0000349
-15.0,-58,0.0000440
-15.0,-57,0.0000552
-15.0,-56,0.0000689
-15.0,-55,0.0000855
-15.0,-54,0.0001055
-15.0,-53,0.0001295
-15.0,-52,0.0001582
-15.0,-51,0.0001921
-15.0,-50,0.0002321
-15.0,-49,0.0002790
-15.0,-48,0.0003335
-15.0,-47,0.0003965
-15.0,-46,0.0004713
-15.0,-45,0.0007597
-15.0,-44,0.0037192
-15.0,-43,0.0085195
-15.0,-42,0.0073886
-15.0,-41,0.0096717
-15.0,-40,0.0048773
-15.0,-39,0.0056705
-15.0,-38,0.0116160
-15.0,-37,0.0058044
-15.0,-36,0.0025147
-15.0,-35,0.0074268
-15.0,-34,0.0154097
-15.0,-33,0.0083367
-15.0,-32,0.0097265
-15.0,-31,0.0191628
-15.0,-30,0.0104421
-15.0,-29,0.0122327
-15.0,-28,0.0239658
-15.0,-27,0.0123323
-15.0,-26,0.0057226
-15.0,-25,0.0160672
-15.0,-24,0.0329024
-15.0,-23,0.0175617
-15.0,-22,0.0213517
-15.0,-21,0.0429476
-15.0,-20,0.0209499
-15.0,-19,0.0085633
-15.0,-18,0.0312859
-15.0,-17,0.0682246
-15.0,-16,0.0334669
-15.0,-15,0.0373471
-15.0,-14,0.0770380
-15.0,-13,0.0347716
-15.0,-12,0.0087037
-15.0,-11,0.0217582
-15.0,-10,0.0451607
-15.0,-9,0.0222553
-15.0,-8,0.0180780
-15.0,-7,0.0341075
-15.0,-6,0.0165733
-15.0,-5,0.0058038
-15.0,-4,0.0126304
-15.0,-3,0.0246343
-15.0,-2,0.0121189
-15.0,-1,0.0039986
-15.0,0,0.0007708
-15.0,1,0.0033857
-15.0,2,0.0083257
-15.0,3,0.0161514
-15.0,4,0.0078135
-15.0,5,0.0026945
-15.0,6,0.0060802
-15.0,7,0.0120502
-15.0,8,0.0059145
-15.0,9,0.0050746
-15.0,10,0.0097478
-15.0,11,0.0044819
-15.0,12,0.0012619
-15.0,13,0.0035066
-15.0,14,0.0074421
-15.0,15,0.0034655
-15.0,16,0.0029893
-15.0,17,0.0061497
-15.0,18,0.0026697
-15.0,19,0.0005541
-15.0,20,0.0021240
-15.0,21,0.0048461
-15.0,22,0.0021606
-15.0,23,0.0018827
-15.0,24,0.0041020
-15.0,25,0.0017125
-15.0,26,0.0002667
-15.0,27,0.0013935
-15.0,28,0.0033293
-15.0,29,0.0014513
-15.0,30,0.0012787
-15.0,31,0.0028718
-15.0,32,0.0011784
-15.0,33,0.0001566
-15.0,34,0.0009769
-15.0,35,0.0023783
-15.0,36,0.0009720
-15.0,37,0.0000697
-15.0,38,0.0000040
-15.0,39,0.0000025
-15.0,40,0.0000018
-15.0,41,0.0000014
-15.0,42,0.0000010
-15.0,43,0.0000007
-15.0,44,0.0000005
-15.0,45,0.0000004
-15.0,46,0.0000003
-15.0,47,0.0000002
-15.0,48,0.0000002
-15.0,49,0.0000001
-15.0,50,0.0000001
-15.0,51,0.0000001
-15.0,52,0.0000000
-15.0,53,0.0000000
-15.0,54,0.0000000
-15.0,55,0.0000000
-15.0,56,0.0000000
-15.0,57,0.0000000
-15.0,58,0.0000000
-15.0,59,0.0000000
-15.0,60,0.0000000
-15.0,61,0.0000000
-15.0,62,0.0000000
-15.0,63,0.0000000
-15.0,64,0.0000000
-15.0,65,0.0000000
-15.0,66,0.0000000
-15.0,67,0.0000000
-15.0,68,0.0000000
-15.0,69,0.0000000
-15.0,70,0.0000000
-15.0,71,0.0000000
-15.0,72,0.0000000
-15.0,73,0.0000000
-15.0,74,0.0000000
-14.5,-75,0.0000004
-14.5,-74,0.0000005
-14.5,-73,0.0000007
-14.5,-72,0.0000009
-14.5,-71,0.0000012
-14.5,-70,0.0000017
-14.5,-69,0.0000022
-14.5,-68,0.0000030
-14.5,-67,0.0000039
-14.5,-66,0.0000052
-14.5,-65,0.0000068
-14.5,-64,0.0000089
-14.5,-63,0.0000115
-14.5,-62,0.0000148
-14.5,-61,0.0000191
-14.5,-60,0.0000244
-14.5,-59,0.0000309
-14.5,-58,0.0000391
-14.5,-57,0.0000492
-14.5,-56,0.0000615
-14.5,-55,0.0000765
-14.5,-54,0.0000947
-14.5,-53,0.0001166
-14.5,-52,0.0001428
-14.5,-51,0.0001739
-14.5,-50,0.0002107
-14.5,-49,0.0002538
-14.5,-48,0.0003042
-14.5,-47,0.0003627
-14.5,-46,0.0004324
-14.5,-45,0.0007089
-14.5,-44,0.0035734
-14.5,-43,0.0082212
-14.5,-42,0.0071197
-14.5,-41,0.0093247
-14.5,-40,0.0046799
-14.5,-39,0.0054399
-14.5,-38,0.0111851
-14.5,-37,0.0055656
-14.5,-36,0.0023838
-14.5,-35,0.0071208
-14.5,-34,0.0148206
-14.5,-33,0.0080007
-14.5,-32,0.0093308
-14.5,-31,0.0184145
-14.5,-30,0.0100287
-14.5,-29,0.0117374
-14.5,-28,0.0230014
-14.5,-27,0.0118530
-14.5,-26,0.0055209
-14.5,-25,0.0153981
-14.5,-24,0.0314690
-14.5,-23,0.0168500
-14.5,-22,0.0203814
-14.5,-21,0.0408367
-14.5,-20,0.0200357
-14.5,-19,0.0082907
-14.5,-18,0.0292410
-14.5,-17,0.0633279
-14.5,-16,0.0317134
-14.5,-15,0.0419716
-14.5,-14,0.0846573
-14.5,-13,0.0378363
-14.5,-12,0.0088944
-14.5,-11,0.0223511
-14.5,-10,0.0466976
-14.5,-9,0.0228994
-14.5,-8,0.0184605
-14.5,-7,0.0349611
-14.5,-6,0.0169379
-14.5,-5,0.0058702
-14.5,-4,0.0128522
-14.5,-3,0.0251273
-14.5,-2,0.0123555
-14.5,-1,0.0040717
-14.5,0,0.0007563
-14.5,1,0.0034655
-14.5,2,0.0084922
-14.5,3,0.0164503
-14.5,4,0.0079780
-14.5,5,0.0027761
-14.5,6,0.0062070
-14.5,7,0.0122568
-14.5,8,0.0060365
-14.5,9,0.0051780
-14.5,10,0.0099029
-14.5,11,0.0045725
-14.5,12,0.0013118
-14.5,13,0.0035749
-14.5,14,0.0075453
-14.5,15,0.0035267
-14.5,16,0.0030404
-14.5,17,0.0062242
-14.5,18,0.0027121
-14.5,19,0.0005760
-14.5,20,0.0021544
-14.5,21,0.0048934
-14.5,22,0.0021870
-14.5,23,0.0019042
-14.5,24,0.0041354
-14.5,25,0.0017299
-14.5,26,0.0002740
-14.5,27,0.0014054
-14.5,28,0.0033502
-14.5,29,0.0014619
-14.5,30,0.0012871
-14.5,31,0.0028867
-14.5,32,0.0011854
-14.5,33,0.0001586
-14.5,34,0.0009815
-14.5,35,0.0023879
-14.5,36,0.0009762
-14.5,37,0.0000705
-14.5,38,0.0000044
-14.5,39,0.0000028
-14.5,40,0.0000021
-14.5,41,0.0000016
-14.5,42,0.0000012
-14.5,43,0.0000009
-14.5,44,0.0000006
-14.5,45,0.0000005
-14.5,46,0.0000003
-14.5,47,0.0000002
-14.5,48,0.0000002
-14.5,49,0.0000001
-14.5,50,0.0000001
-14.5,51,0.0000001
-14.5,52,0.0000000
-14.5,53,0.0000000
-14.5,54,0.0000000
-14.5,55,0.0000000
-14.5,56,0.0000000
-14.5,57,0.0000000
-14.5,58,0.0000000
-14.5,59,0.0000000
-14.5,60,0.0000000
-14.5,61,0.0000000
-14.5,62,0.0000000
-14.5,63,0.0000000
-14.5,64,0.0000000
-14.5,65,0.0000000
-14.5,66,0.0000000
-14.5,67,0.0000000
-14.5,68,0.0000000
-14.5,69,0.0000000
-14.5,70,0.0000000
-14.5,71,0.0000000
-14.5,72,0.0000000
-14.5,73,0.0000000
-14.5,74,0.0000000
-14.0,-75,0.0000003
-14.0,-74,0.0000004
-14.0,-73,0.0000005
-14.0,-72,0.0000007
-14.0,-71,0.0000010
-14.0,-70,0.0000013
-14.0,-69,0.0000018
-14.0,-68,0.0000023
-14.0,-67,0.0000031
-14.0,-66,0.0000041
-14.0,-65,0.0000054
-14.0,-64,0.0000071
-14.0,-63,0.0000092
-14.0,-62,0.0000119
-14.0,-61,0.0000154
-14.0,-60,0.0000197
-14.0,-59,0.0000251
-14.0,-58,0.0000318
-14.0,-57,0.0000401
-14.0,-56,0.0000503
-14.0,-55,0.0000628
-14.0,-54,0.0000779
-14.0,-53,0.0000961
-14.0,-52,0.0001180
-14.0,-51,0.0001441
-14.0,-50,0.0001751
-14.0,-49,0.0002115
-14.0,-48,0.0002542
-14.0,-47,0.0003039
-14.0,-46,0.0003633
-14.0,-45,0.0006064
-14.0,-44,0.0031493
-14.0,-43,0.0072768
-14.0,-42,0.0062928
-14.0,-41,0.0082460
-14.0,-40,0.0041184
-14.0,-39,0.0047861
-14.0,-38,0.0098783
-14.0,-37,0.0048937
-14.0,-36,0.0020706
-14.0,-35,0.0062606
-14.0,-34,0.0130731
-14.0,-33,0.0070405
-14.0,-32,0.0082081
-14.0,-31,0.0162297
-14.0,-30,0.0088314
-14.0,-29,0.0103276
-14.0,-28,0.0202493
-14.0,-27,0.0104464
-14.0,-26,0.0048803
-14.0,-25,0.0135367
-14.0,-24,0.0276180
-14.0,-23,0.0148316
-14.0,-22,0.0178585
-14.0,-21,0.0356545
-14.0,-20,0.0175897
-14.0,-19,0.0073687
-14.0,-18,0.0251936
-14.0,-17,0.0542186
-14.0,-16,0.0280464
-14.0,-15,0.0465961
-14.0,-14,0.1051675
-14.0,-13,0.0471752
-14.0,-12,0.0097364
-14.0,-11,0.0238425
-14.0,-10,0.0501495
-14.0,-9,0.0244619
-14.0,-8,0.0195482
-14.0,-7,0.0371670
-14.0,-6,0.0179476
-14.0,-5,0.0061474
-14.0,-4,0.0135508
-14.0,-3,0.0265657
-14.0,-2,0.0130525
-14.0,-1,0.0042913
-14.0,0,0.0007688
-14.0,1,0.0036710
-14.0,2,0.0089732
-14.0,3,0.0173622
-14.0,4,0.0084396
-14.0,5,0.0029610
-14.0,6,0.0065648
-14.0,7,0.0129193
-14.0,8,0.0063838
-14.0,9,0.0054747
-14.0,10,0.0104259
-14.0,11,0.0048341
-14.0,12,0.0014124
-14.0,13,0.0037770
-14.0,14,0.0079281
-14.0,15,0.0037196
-14.0,16,0.0032050
-14.0,17,0.0065289
-14.0,18,0.0028556
-14.0,19,0.0006206
-14.0,20,0.0022651
-14.0,21,0.0051210
-14.0,22,0.0022945
-14.0,23,0.0019962
-14.0,24,0.0043206
-14.0,25,0.0018111
-14.0,26,0.0002920
-14.0,27,0.0014691
-14.0,28,0.0034937
-14.0,29,0.0015261
-14.0,30,0.0013426
-14.0,31,0.0030069
-14.0,32,0.0012357
-14.0,33,0.0001665
-14.0,34,0.0010220
-14.0,35,0.0024843
-14.0,36,0.0010160
-14.0,37,0.0000739
-14.0,38,0.0000051
-14.0,39,0.0000032
-14.0,40,0.0000024
-14.0,41,0.0000018
-14.0,42,0.0000014
-14.0,43,0.0000010
-14.0,44,0.0000007
-14.0,45,0.0000005
-14.0,46,0.0000004
-14.0,47,0.0000003
-14.0,48,0.0000002
-14.0,49,0.0000002
-14.0,50,0.0000001
-14.0,51,0.0000001
-14.0,52,0.0000001
-14.0,53,0.0000000
-14.0,54,0.0000000
-14.0,55,0.0000000
-14.0,56,0.0000000
-14.0,57,0.0000000
-14.0,58,0.0000000
-14.0,59,0.0000000
-14.0,60,0.0000000
-14.0,61,0.0000000
-14.0,62,0.0000000
-14.0,63,0.0000000
-14.0,64,0.0000000
-14.0,65,0.0000000
-14.0,66,0.0000000
-14.0,67,0.0000000
-14.0,68,0.0000000
-14.0,69,0.0000000
-14.0,70,0.0000000
-14.0,71,0.0000000
-14.0,72,0.0000000
-14.0,73,0.0000000
-14.0,74,0.0000000
-13.5,-75,0.0000002
-13.5,-74,0.0000003
-13.5,-73,0.0000004
-13.5,-72,0.0000006
-13.5,-71,0.0000008
-13.5,-70,0.0000011
-13.5,-69,0.0000015
-13.5,-68,0.0000020
-13.5,-67,0.0000027
-13.5,-66,0.0000036
-13.5,-65,0.0000047
-13.5,-64,0.0000062
-13.5,-63,0.0000080
-13.5,-62,0.0000104
-13.5,-61,0.0000135
-13.5,-60,0.0000173
-13.5,-59,0.0000221
-13.5,-58,0.0000281
-13.5,-57,0.0000355
-13.5,-56,0.0000446
-13.5,-55,0.0000558
-13.5,-54,0.0000694
-13.5,-53,0.0000859
-13.5,-52,0.0001058
-13.5,-51,0.0001295
-13.5,-50,0.0001577
-13.5,-49,0.0001911
-13.5,-48,0.0002302
-13.5,-47,0.0002760
-13.5,-46,0.0003310
-13.5,-45,0.0005629
-13.5,-44,0.0030138
-13.5,-43,0.0069932
-13.5,-42,0.0060388
-13.5,-41,0.0079171
-13.5,-40,0.0039347
-13.5,-39,0.0045714
-13.5,-38,0.0094715
-13.5,-37,0.0046708
-13.5,-36,0.0019507
-13.5,-35,0.0059747
-13.5,-34,0.0125188
-13.5,-33,0.0067243
-13.5,-32,0.0078372
-13.5,-31,0.0155289
-13.5,-30,0.0084407
-13.5,-29,0.0098637
-13.5,-28,0.0193546
-13.5,-27,0.0099926
-13.5,-26,0.0046788
-13.5,-25,0.0129206
-13.5,-24,0.0263244
-13.5,-23,0.0141752
-13.5,-22,0.0169992
-13.5,-21,0.0338294
-13.5,-20,0.0167765
-13.5,-19,0.0071132
-13.5,-18,0.0236551
-13.5,-17,0.0505967
-13.5,-16,0.0259527
-13.5,-15,0.0378541
-13.5,-14,0.0819281
-13.5,-13,0.0422917
-13.5,-12,0.0101681
-13.5,-11,0.0275426
-13.5,-10,0.0583722
-13.5,-9,0.0283105
-13.5,-8,0.0223944
-13.5,-7,0.0427517
-13.5,-6,0.0205701
-13.5,-5,0.0069532
-13.5,-4,0.0154428
-13.5,-3,0.0303677
-13.5,-2,0.0149044
-13.5,-1,0.0048829
-13.5,0,0.0008446
-13.5,1,0.0041979
-13.5,2,0.0102457
-13.5,3,0.0198076
-13.5,4,0.0096483
-13.5,5,0.0034103
-13.5,6,0.0075033
-13.5,7,0.0147198
-13.5,8,0.0072966
-13.5,9,0.0062562
-13.5,10,0.0118653
-13.5,11,0.0055242
-13.5,12,0.0016427
-13.5,13,0.0043136
-13.5,14,0.0090055
-13.5,15,0.0042412
-13.5,16,0.0036526
-13.5,17,0.0074036
-13.5,18,0.0032508
-13.5,19,0.0007229
-13.5,20,0.0025748
-13.5,21,0.0057935
-13.5,22,0.0026027
-13.5,23,0.0022625
-13.5,24,0.0048799
-13.5,25,0.0020502
-13.5,26,0.0003366
-13.5,27,0.0016604
-13.5,28,0.0039383
-13.5,29,0.0017223
-13.5,30,0.0015141
-13.5,31,0.0033855
-13.5,32,0.0013925
-13.5,33,0.0001892
-13.5,34,0.0011503
-13.5,35,0.0027937
-13.5,36,0.0011430
-13.5,37,0.0000839
-13.5,38,0.0000063
-13.5,39,0.0000041
-13.5,40,0.0000031
-13.5,41,0.0000023
-13.5,42,0.0000017
-13.5,43,0.0000013
-13.5,44,0.0000010
-13.5,45,0.0000007
-13.5,46,0.0000005
-13.5,47,0.0000004
-13.5,48,0.0000003
-13.5,49,0.0000002
-13.5,50,0.0000001
-13.5,51,0.0000001
-13.5,52,0.0000001
-13.5,53,0.0000001
-13.5,54,0.0000000
-13.5,55,0.0000000
-13.5,56,0.0000000
-13.5,57,0.0000000
-13.5,58,0.0000000
-13.5,59,0.0000000
-13.5,60,0.0000000
-13.5,61,0.0000000
-13.5,62,0.0000000
-13.5,63,0.0000000
-13.5,64,0.0000000
-13.5,65,0.0000000
-13.5,66,0.0000000
-13.5,67,0.0000000
-13.5,68,0.0000000
-13.5,69,0.0000000
-13.5,70,0.0000000
-13.5,71,0.0000000
-13.5,72,0.0000000
-13.5,73,0.0000000
-13.5,74,0.0000000
-13.0,-75,0.0000002
-13.0,-74,0.0000003
-13.0,-73,0.0000004
-13.0,-72,0.0000005
-13.0,-71,0.0000007
-13.0,-70,0.0000010
-13.0,-69,0.0000013
-13.0,-68,0.0000018
-13.0,-67,0.0000024
-13.0,-66,0.0000032
-13.0,-65,0.0000042
-13.0,-64,0.0000055
-13.0,-63,0.0000072
-13.0,-62,0.0000094
-13.0,-61,0.0000121
-13.0,-60,0.0000156
-13.0,-59,0.0000200
-13.0,-58,0.0000255
-13.0,-57,0.0000323
-13.0,-56,0.0000407
-13.0,-55,0.0000510
-13.0,-54,0.0000637
-13.0,-53,0.0000790
-13.0,-52,0.0000975
-13.0,-51,0.0001197
-13.0,-50,0.0001462
-13.0,-49,0.0001776
-13.0,-48,0.0002145
-13.0,-47,0.0002578
-13.0,-46,0.0003101
-13.0,-45,0.0005382
-13.0,-44,0.0029720
-13.0,-43,0.0069253
-13.0,-42,0.0059714
-13.0,-41,0.0078326
-13.0,-40,0.0038733
-13.0,-39,0.0044989
-13.0,-38,0.0093573
-13.0,-37,0.0045927
-13.0,-36,0.0018919
-13.0,-35,0.0058739
-13.0,-34,0.0123518
-13.0,-33,0.0066156
-13.0,-32,0.0077086
-13.0,-31,0.0153091
-13.0,-30,0.0083098
-13.0,-29,0.0097047
-13.0,-28,0.0190619
-13.0,-27,0.0098460
-13.0,-26,0.0046171
-13.0,-25,0.0127073
-13.0,-24,0.0258617
-13.0,-23,0.0139602
-13.0,-22,0.0166814
-13.0,-21,0.0331002
-13.0,-20,0.0164957
-13.0,-19,0.0070758
-13.0,-18,0.0229524
-13.0,-17,0.0488156
-13.0,-16,0.0250807
-13.0,-15,0.0349361
-13.0,-14,0.0747701
-13.0,-13,0.0360196
-13.0,-12,0.0101052
-13.0,-11,0.0293342
-13.0,-10,0.0626499
-13.0,-9,0.0301986
-13.0,-8,0.0236027
-13.0,-7,0.0452455
-13.0,-6,0.0216845
-13.0,-5,0.0072224
-13.0,-4,0.0161742
-13.0,-3,0.0319133
-13.0,-2,0.0156413
-13.0,-1,0.0051001
-13.0,0,0.0008526
-13.0,1,0.0044060
-13.0,2,0.0107478
-13.0,3,0.0207677
-13.0,4,0.0101348
-13.0,5,0.0036060
-13.0,6,0.0078794
-13.0,7,0.0154131
-13.0,8,0.0076636
-13.0,9,0.0065694
-13.0,10,0.0124106
-13.0,11,0.0058015
-13.0,12,0.0017546
-13.0,13,0.0045277
-13.0,14,0.0094018
-13.0,15,0.0044449
-13.0,16,0.0038262
-13.0,17,0.0077167
-13.0,18,0.0034017
-13.0,19,0.0007740
-13.0,20,0.0026905
-13.0,21,0.0060244
-13.0,22,0.0027139
-13.0,23,0.0023573
-13.0,24,0.0050658
-13.0,25,0.0021333
-13.0,26,0.0003569
-13.0,27,0.0017249
-13.0,28,0.0040803
-13.0,29,0.0017866
-13.0,30,0.0015694
-13.0,31,0.0035033
-13.0,32,0.0014422
-13.0,33,0.0001977
-13.0,34,0.0011900
-13.0,35,0.0028871
-13.0,36,0.0011817
-13.0,37,0.0000875
-13.0,38,0.0000072
-13.0,39,0.0000048
-13.0,40,0.0000036
-13.0,41,0.0000027
-13.0,42,0.0000020
-13.0,43,0.0000015
-13.0,44,0.0000011
-13.0,45,0.0000008
-13.0,46,0.0000006
-13.0,47,0.0000004
-13.0,48,0.0000003
-13.0,49,0.0000002
-13.0,50,0.0000002
-13.0,51,0.0000001
-13.0,52,0.0000001
-13.0,53,0.0000001
-13.0,54,0.0000000
-13.0,55,0.0000000
-13.0,56,0.0000000
-13.0,57,0.0000000
-13.0,58,0.0000000
-13.0,59,0.0000000
-13.0,60,0.0000000
-13.0,61,0.0000000
-13.0,62,0.0000000
-13.0,63,0.0000000
-13.0,64,0.0000000
-13.0,65,0.0000000
-13.0,66,0.0000000
-13.0,67,0.0000000
-13.0,68,0.0000000
-13.0,69,0.0000000
-13.0,70,0.0000000
-13.0,71,0.0000000
-13.0,72,0.0000000
-13.0,73,0.0000000
-13.0,74,0.0000000
-12.5,-75,0.0000002
-12.5,-74,0.0000002
-12.5,-73,0.0000003
-12.5,-72,0.0000005
-12.5,-71,0.0000006
-12.5,-70,0.0000009
-12.5,-69,0.0000012
-12.5,-68,0.0000016
-12.5,-67,0.0000021
-12.5,-66,0.0000028
-12.5,-65,0.0000037
-12.5,-64,0.0000049
-12.5,-63,0.0000064
-12.5,-62,0.0000084
-12.5,-61,0.0000109
-12.5,-60,0.0000141
-12.5,-59,0.0000181
-12.5,-58,0.0000231
-12.5,-57,0.0000294
-12.5,-56,0.0000371
-12.5,-55,0.0000467
-12.5,-54,0.0000584
-12.5,-53,0.0000726
-12.5,-52,0.0000899
-12.5,-51,0.0001106
-12.5,-50,0.0001355
-12.5,-49,0.0001650
-12.5,-48,0.0001999
-12.5,-47,0.0002409
-12.5,-46,0.0002906
-12.5,-45,0.0005151
-12.5,-44,0.0029353
-12.5,-43,0.0068676
-12.5,-42,0.0059131
-12.5,-41,0.0077597
-12.5,-40,0.0038179
-12.5,-39,0.0044333
-12.5,-38,0.0092570
-12.5,-37,0.0045213
-12.5,-36,0.0018357
-12.5,-35,0.0057815
-12.5,-34,0.0122026
-12.5,-33,0.0065157
-12.5,-32,0.0075904
-12.5,-31,0.0151118
-12.5,-30,0.0081892
-12.5,-29,0.0095589
-12.5,-28,0.0187988
-12.5,-27,0.0097114
-12.5,-26,0.0045573
-12.5,-25,0.0125136
-12.5,-24,0.0254475
-12.5,-23,0.0137668
-12.5,-22,0.0163978
-12.5,-21,0.0324527
-12.5,-20,0.0162479
-12.5,-19,0.0070468
-12.5,-18,0.0223519
-12.5,-17,0.0472870
-12.5,-16,0.0243729
-12.5,-15,0.0329344
-12.5,-14,0.0698429
-12.5,-13,0.0318879
-12.5,-12,0.0099565
-12.5,-11,0.0308489
-12.5,-10,0.0664139
-12.5,-9,0.0318004
-12.5,-8,0.0244993
-12.5,-7,0.0471596
-12.5,-6,0.0225056
-12.5,-5,0.0073736
-12.5,-4,0.0166624
-12.5,-3,0.0329983
-12.5,-2,0.0161458
-12.5,-1,0.0052333
-12.5,0,0.0008464
-12.5,1,0.0045423
-12.5,2,0.0110856
-12.5,3,0.0214160
-12.5,4,0.0104683
-12.5,5,0.0037462
-12.5,6,0.0081360
-12.5,7,0.0158734
-12.5,8,0.0079154
-12.5,9,0.0067838
-12.5,10,0.0127676
-12.5,11,0.0059921
-12.5,12,0.0018421
-12.5,13,0.0046742
-12.5,14,0.0096548
-12.5,15,0.0045822
-12.5,16,0.0039426
-12.5,17,0.0079115
-12.5,18,0.0035016
-12.5,19,0.0008151
-12.5,20,0.0027658
-12.5,21,0.0061621
-12.5,22,0.0027840
-12.5,23,0.0024162
-12.5,24,0.0051727
-12.5,25,0.0021837
-12.5,26,0.0003726
-12.5,27,0.0017628
-12.5,28,0.0041580
-12.5,29,0.0018231
-12.5,30,0.0016002
-12.5,31,0.0035655
-12.5,32,0.0014693
-12.5,33,0.0002033
-12.5,34,0.0012108
-12.5,35,0.0029345
-12.5,36,0.0012017
-12.5,37,0.0000898
-12.5,38,0.0000080
-12.5,39,0.0000054
-12.5,40,0.0000041
-12.5,41,0.0000031
-12.5,42,0.0000023
-12.5,43,0.0000017
-12.5,44,0.0000013
-12.5,45,0.0000010
-12.5,46,0.0000007
-12.5,47,0.0000005
-12.5,48,0.0000004
-12.5,49,0.0000003
-12.5,50,0.0000002
-12.5,51,0.0000001
-12.5,52,0.0000001
-12.5,53,0.0000001
-12.5,54,0.0000001
-12.5,55,0.0000000
-12.5,56,0.0000000
-12.5,57,0.0000000
-12.5,58,0.0000000
-12.5,59,0.0000000
-12.5,60,0.0000000
-12.5,61,0.0000000
-12.5,62,0.0000000
-12.5,63,0.0000000
-12.5,64,0.0000000
-12.5,65,0.0000000
-12.5,66,0.0000000
-12.5,67,0.0000000
-12.5,68,0.0000000
-12.5,69,0.0000000
-12.5,70,0.0000000
-12.5,71,0.0000000
-12.5,72,0.0000000
-12.5,73,0.0000000
-12.5,74,0.0000000
-12.0,-75,0.0000002
-12.0,-74,0.0000002
-12.0,-73,0.0000003
-12.0,-72,0.0000004
-12.0,-71,0.0000006
-12.0,-70,0.0000008
-12.0,-69,0.0000010
-12.0,-68,0.0000014
-12.0,-67,0.0000019
-12.0,-66,0.0000025
-12.0,-65,0.0000034
-12.0,-64,0.0000045
-12.0,-63,0.0000059
-12.0,-62,0.0000077
-12.0,-61,0.0000100
-12.0,-60,0.0000129
-12.0,-59,0.0000166
-12.0,-58,0.0000213
-12.0,-57,0.0000271
-12.0,-56,0.0000344
-12.0,-55,0.0000434
-12.0,-54,0.0000544
-12.0,-53,0.0000679
-12.0,-52,0.0000842
-12.0,-51,0.0001039
-12.0,-50,0.0001276
-12.0,-49,0.0001558
-12.0,-48,0.0001893
-12.0,-47,0.0002287
-12.0,-46,0.0002768
-12.0,-45,0.0005018
-12.0,-44,0.0029514
-12.0,-43,0.0069331
-12.0,-42,0.0059609
-12.0,-41,0.0078258
-12.0,-40,0.0038310
-12.0,-39,0.0044470
-12.0,-38,0.0093221
-12.0,-37,0.0045303
-12.0,-36,0.0018115
-12.0,-35,0.0057917
-12.0,-34,0.0122710
-12.0,-33,0.0065306
-12.0,-32,0.0076063
-12.0,-31,0.0151838
-12.0,-30,0.0082126
-12.0,-29,0.0095817
-12.0,-28,0.0188716
-12.0,-27,0.0097472
-12.0,-26,0.0045740
-12.0,-25,0.0125427
-12.0,-24,0.0254942
-12.0,-23,0.0138187
-12.0,-22,0.0164129
-12.0,-21,0.0324081
-12.0,-20,0.0162957
-12.0,-19,0.0071415
-12.0,-18,0.0221986
-12.0,-17,0.0467310
-12.0,-16,0.0241781
-12.0,-15,0.0319437
-12.0,-14,0.0671995
-12.0,-13,0.0309537
-12.0,-12,0.0094230
-12.0,-11,0.0313818
-12.0,-10,0.0681289
-12.0,-9,0.0323855
-12.0,-8,0.0245125
-12.0,-7,0.0473773
-12.0,-6,0.0225057
-12.0,-5,0.0072403
-12.0,-4,0.0165211
-12.0,-3,0.0328496
-12.0,-2,0.0160409
-12.0,-1,0.0051617
-12.0,0,0.0008085
-12.0,1,0.0045006
-12.0,2,0.0109998
-12.0,3,0.0212531
-12.0,4,0.0104031
-12.0,5,0.0037414
-12.0,6,0.0080821
-12.0,7,0.0157314
-12.0,8,0.0078663
-12.0,9,0.0067401
-12.0,10,0.0126403
-12.0,11,0.0059553
-12.0,12,0.0018596
-12.0,13,0.0046436
-12.0,14,0.0095419
-12.0,15,0.0045461
-12.0,16,0.0039100
-12.0,17,0.0078066
-12.0,18,0.0034694
-12.0,19,0.0008260
-12.0,20,0.0027368
-12.0,21,0.0060662
-12.0,22,0.0027488
-12.0,23,0.0023839
-12.0,24,0.0050834
-12.0,25,0.0021516
-12.0,26,0.0003746
-12.0,27,0.0017341
-12.0,28,0.0040778
-12.0,29,0.0017905
-12.0,30,0.0015704
-12.0,31,0.0034923
-12.0,32,0.0014406
-12.0,33,0.0002014
-12.0,34,0.0011857
-12.0,35,0.0028709
-12.0,36,0.0012446
-12.0,37,0.0011024
-12.0,38,0.0024954
-12.0,39,0.0010195
-12.0,40,0.0000731
-12.0,41,0.0000042
-12.0,42,0.0000026
-12.0,43,0.0000019
-12.0,44,0.0000014
-12.0,45,0.0000011
-12.0,46,0.0000008
-12.0,47,0.0000006
-12.0,48,0.0000004
-12.0,49,0.0000003
-12.0,50,0.0000002
-12.0,51,0.0000002
-12.0,52,0.0000001
-12.0,53,0.0000001
-12.0,54,0.0000001
-12.0,55,0.0000000
-12.0,56,0.0000000
-12.0,57,0.0000000
-12.0,58,0.0000000
-12.0,59,0.0000000
-12.0,60,0.0000000
-12.0,61,0.0000000
-12.0,62,0.0000000
-12.0,63,0.0000000
-12.0,64,0.0000000
-12.0,65,0.0000000
-12.0,66,0.0000000
-12.0,67,0.0000000
-12.0,68,0.0000000
-12.0,69,0.0000000
-12.0,70,0.0000000
-12.0,71,0.0000000
-12.0,72,0.0000000
-12.0,73,0.0000000
-12.0,74,0.0000000
-11.5,-75,0.0000001
-11.5,-74,0.0000002
-11.5,-73,0.0000003
-11.5,-72,0.0000004
-11.5,-71,0.0000005
-11.5,-70,0.0000007
-11.5,-69,0.0000009
-11.5,-68,0.0000013
-11.5,-67,0.0000017
-11.5,-66,0.0000023
-11.5,-65,0.0000030
-11.5,-64,0.0000040
-11.5,-63,0.0000053
-11.5,-62,0.0000070
-11.5,-61,0.0000091
-11.5,-60,0.0000118
-11.5,-59,0.0000152
-11.5,-58,0.0000195
-11.5,-57,0.0000250
-11.5,-56,0.0000317
-11.5,-55,0.0000401
-11.5,-54,0.0000505
-11.5,-53,0.0000631
-11.5,-52,0.0000785
-11.5,-51,0.0000972
-11.5,-50,0.0001196
-11.5,-49,0.0001465
-11.5,-48,0.0001784
-11.5,-47,0.0002161
-11.5,-46,0.0002623
-11.5,-45,0.0004871
-11.5,-44,0.0029585
-11.5,-43,0.0069771
-11.5,-42,0.0059900
-11.5,-41,0.0078674
-11.5,-40,0.0038318
-11.5,-39,0.0044463
-11.5,-38,0.0093574
-11.5,-37,0.0045242
-11.5,-36,0.0017804
-11.5,-35,0.0057822
-11.5,-34,0.0122993
-11.5,-33,0.0065229
-11.5,-32,0.0075960
-11.5,-31,0.0152058
-11.5,-30,0.0082069
-11.5,-29,0.0095712
-11.5,-28,0.0188828
-11.5,-27,0.0097481
-11.5,-26,0.0045709
-11.5,-25,0.0125295
-11.5,-24,0.0254624
-11.5,-23,0.0138244
-11.5,-22,0.0163782
-11.5,-21,0.0322752
-11.5,-20,0.0162940
-11.5,-19,0.0072106
-11.5,-18,0.0220079
-11.5,-17,0.0461167
-11.5,-16,0.0239575
-11.5,-15,0.0310972
-11.5,-14,0.0649453
-11.5,-13,0.0301667
-11.5,-12,0.0097363
-11.5,-11,0.0323470
-11.5,-10,0.0708483
-11.5,-9,0.0334085
-11.5,-8,0.0247238
-11.5,-7,0.0479678
-11.5,-6,0.0226737
-11.5,-5,0.0071483
-11.5,-4,0.0164818
-11.5,-3,0.0329132
-11.5,-2,0.0160347
-11.5,-1,0.0051155
-11.5,0,0.0007767
-11.5,1,0.0044799
-11.5,2,0.0109762
-11.5,3,0.0212171
-11.5,4,0.0103974
-11.5,5,0.0037548
-11.5,6,0.0080738
-11.5,7,0.0156831
-11.5,8,0.0078625
-11.5,9,0.0067351
-11.5,10,0.0125887
-11.5,11,0.0059534
-11.5,12,0.0018870
-11.5,13,0.0046404
-11.5,14,0.0094870
-11.5,15,0.0045374
-11.5,16,0.0039010
-11.5,17,0.0077495
-11.5,18,0.0034584
-11.5,19,0.0008419
-11.5,20,0.0027248
-11.5,21,0.0060080
-11.5,22,0.0027309
-11.5,23,0.0023666
-11.5,24,0.0050259
-11.5,25,0.0021331
-11.5,26,0.0003791
-11.5,27,0.0017163
-11.5,28,0.0040232
-11.5,29,0.0017692
-11.5,30,0.0015505
-11.5,31,0.0034409
-11.5,32,0.0014210
-11.5,33,0.0002008
-11.5,34,0.0011680
-11.5,35,0.0028247
-11.5,36,0.0012252
-11.5,37,0.0010845
-11.5,38,0.0024531
-11.5,39,0.0010025
-11.5,40,0.0000724
-11.5,41,0.0000045
-11.5,42,0.0000028
-11.5,43,0.0000021
-11.5,44,0.0000016
-11.5,45,0.0000012
-11.5,46,0.0000009
-11.5,47,0.0000006
-11.5,48,0.0000005
-11.5,49,0.0000003
-11.5,50,0.0000002
-11.5,51,0.0000002
-11.5,52,0.0000001
-11.5,53,0.0000001
-11.5,54,0.0000001
-11.5,55,0.0000000
-11.5,56,0.0000000
-11.5,57,0.0000000
-11.5,58,0.0000000
-11.5,59,0.0000000
-11.5,60,0.0000000
-11.5,61,0.0000000
-11.5,62,0.0000000
-11.5,63,0.0000000
-11.5,64,0.0000000
-11.5,65,0.0000000
-11.5,66,0.0000000
-11.5,67,0.0000000
-11.5,68,0.0000000
-11.5,69,0.0000000
-11.5,70,0.0000000
-11.5,71,0.0000000
-11.5,72,0.0000000
-11.5,73,0.0000000
-11.5,74,0.0000000
-11.0,-75,0.0000001
-11.0,-74,0.0000002
-11.0,-73,0.0000002
-11.0,-72,0.0000003
-11.0,-71,0.0000004
-11.0,-70,0.0000006
-11.0,-69,0.0000008
-11.0,-68,0.0000011
-11.0,-67,0.0000015
-11.0,-66,0.0000020
-11.0,-65,0.0000026
-11.0,-64,0.0000035
-11.0,-63,0.0000047
-11.0,-62,0.0000061
-11.0,-61,0.0000080
-11.0,-60,0.0000104
-11.0,-59,0.0000135
-11.0,-58,0.0000174
-11.0,-57,0.0000223
-11.0,-56,0.0000284
-11.0,-55,0.0000360
-11.0,-54,0.0000454
-11.0,-53,0.0000569
-11.0,-52,0.0000710
-11.0,-51,0.0000881
-11.0,-50,0.0001087
-11.0,-49,0.0001335
-11.0,-48,0.0001630
-11.0,-47,0.0001980
-11.0,-46,0.0002411
-11.0,-45,0.0004591
-11.0,-44,0.0028807
-11.0,-43,0.0068194
-11.0,-42,0.0058463
-11.0,-41,0.0076816
-11.0,-40,0.0037223
-11.0,-39,0.0043176
-11.0,-38,0.0091222
-11.0,-37,0.0043876
-11.0,-36,0.0016980
-11.0,-35,0.0056056
-11.0,-34,0.0119718
-11.0,-33,0.0063258
-11.0,-32,0.0073653
-11.0,-31,0.0147878
-11.0,-30,0.0079623
-11.0,-29,0.0092828
-11.0,-28,0.0183486
-11.0,-27,0.0094646
-11.0,-26,0.0044312
-11.0,-25,0.0121535
-11.0,-24,0.0247004
-11.0,-23,0.0134293
-11.0,-22,0.0158744
-11.0,-21,0.0312294
-11.0,-20,0.0158243
-11.0,-19,0.0070661
-11.0,-18,0.0212155
-11.0,-17,0.0442669
-11.0,-16,0.0230922
-11.0,-15,0.0295455
-11.0,-14,0.0612948
-11.0,-13,0.0286997
-11.0,-12,0.0098867
-11.0,-11,0.0359503
-11.0,-10,0.0759689
-11.0,-9,0.0354963
-11.0,-8,0.0254828
-11.0,-7,0.0495983
-11.0,-6,0.0233204
-11.0,-5,0.0071892
-11.0,-4,0.0167602
-11.0,-3,0.0336240
-11.0,-2,0.0163379
-11.0,-1,0.0051603
-11.0,0,0.0007601
-11.0,1,0.0045380
-11.0,2,0.0111574
-11.0,3,0.0215844
-11.0,4,0.0105868
-11.0,5,0.0038356
-11.0,6,0.0082162
-11.0,7,0.0159316
-11.0,8,0.0080066
-11.0,9,0.0068566
-11.0,10,0.0127756
-11.0,11,0.0060638
-11.0,12,0.0019496
-11.0,13,0.0047249
-11.0,14,0.0096121
-11.0,15,0.0046150
-11.0,16,0.0039663
-11.0,17,0.0078399
-11.0,18,0.0035135
-11.0,19,0.0008744
-11.0,20,0.0027648
-11.0,21,0.0060641
-11.0,22,0.0027652
-11.0,23,0.0023946
-11.0,24,0.0050640
-11.0,25,0.0021554
-11.0,26,0.0003912
-11.0,27,0.0017314
-11.0,28,0.0040450
-11.0,29,0.0017817
-11.0,30,0.0015602
-11.0,31,0.0034548
-11.0,32,0.0014285
-11.0,33,0.0002042
-11.0,34,0.0011726
-11.0,35,0.0028319
-11.0,36,0.0012290
-11.0,37,0.0010872
-11.0,38,0.0024573
-11.0,39,0.0010046
-11.0,40,0.0000731
-11.0,41,0.0000050
-11.0,42,0.0000032
-11.0,43,0.0000024
-11.0,44,0.0000018
-11.0,45,0.0000013
-11.0,46,0.0000010
-11.0,47,0.0000007
-11.0,48,0.0000005
-11.0,49,0.0000004
-11.0,50,0.0000003
-11.0,51,0.0000002
-11.0,52,0.0000002
-11.0,53,0.0000001
-11.0,54,0.0000001
-11.0,55,0.0000001
-11.0,56,0.0000000
-11.0,57,0.0000000
-11.0,58,0.0000000
-11.0,59,0.0000000
-11.0,60,0.0000000
-11.0,61,0.0000000
-11.0,62,0.0000000
-11.0,63,0.0000000
-11.0,64,0.0000000
-11.0,65,0.0000000
-11.0,66,0.0000000
-11.0,67,0.0000000
-11.0,68,0.0000000
-11.0,69,0.0000000
-11.0,70,0.0000000
-11.0,71,0.0000000
-11.0,72,0.0000000
-11.0,73,0.0000000
-11.0,74,0.0000000
-10.5,-75,0.0000001
-10.5,-74,0.0000001
-10.5,-73,0.0000002
-10.5,-72,0.0000003
-10.5,-71,0.0000004
-10.5,-70,0.0000005
-10.5,-69,0.0000007
-10.5,-68,0.0000009
-10.5,-67,0.0000013
-10.5,-66,0.0000017
-10.5,-65,0.0000023
-10.5,-64,0.0000030
-10.5,-63,0.0000040
-10.5,-62,0.0000053
-10.5,-61,0.0000070
-10.5,-60,0.0000091
-10.5,-59,0.0000118
-10.5,-58,0.0000152
-10.5,-57,0.0000196
-10.5,-56,0.0000250
-10.5,-55,0.0000318
-10.5,-54,0.0000402
-10.5,-53,0.0000505
-10.5,-52,0.0000631
-10.5,-51,0.0000786
-10.5,-50,0.0000972
-10.5,-49,0.0001197
-10.5,-48,0.0001465
-10.5,-47,0.0001785
-10.5,-46,0.0002181
-10.5,-45,0.0004264
-10.5,-44,0.0027639
-10.5,-43,0.0065673
-10.5,-42,0.0056222
-10.5,-41,0.0073899
-10.5,-40,0.0035629
-10.5,-39,0.0041309
-10.5,-38,0.0087619
-10.5,-37,0.0041919
-10.5,-36,0.0015942
-10.5,-35,0.0053535
-10.5,-34,0.0114805
-10.5,-33,0.0060429
-10.5,-32,0.0070348
-10.5,-31,0.0141682
-10.5,-30,0.0076086
-10.5,-29,0.0088678
-10.5,-28,0.0175653
-10.5,-27,0.0090504
-10.5,-26,0.0042277
-10.5,-25,0.0116125
-10.5,-24,0.0236095
-10.5,-23,0.0128504
-10.5,-22,0.0151599
-10.5,-21,0.0297820
-10.5,-20,0.0151419
-10.5,-19,0.0068177
-10.5,-18,0.0201692
-10.5,-17,0.0419186
-10.5,-16,0.0219580
-10.5,-15,0.0277588
-10.5,-14,0.0572347
-10.5,-13,0.0270059
-10.5,-12,0.0099700
-10.5,-11,0.0414675
-10.5,-10,0.0832739
-10.5,-9,0.0384759
-10.5,-8,0.0263791
-10.5,-7,0.0514278
-10.5,-6,0.0240437
-10.5,-5,0.0072300
-10.5,-4,0.0170520
-10.5,-3,0.0343781
-10.5,-2,0.0166550
-10.5,-1,0.0052005
-10.5,0,0.0007439
-10.5,1,0.0045912
-10.5,2,0.0113396
-10.5,3,0.0219613
-10.5,4,0.0107785
-10.5,5,0.0039144
-10.5,6,0.0083593
-10.5,7,0.0161854
-10.5,8,0.0081524
-10.5,9,0.0069794
-10.5,10,0.0129664
-10.5,11,0.0061760
-10.5,12,0.0020128
-10.5,13,0.0048110
-10.5,14,0.0097404
-10.5,15,0.0046944
-10.5,16,0.0040332
-10.5,17,0.0079327
-10.5,18,0.0035702
-10.5,19,0.0009079
-10.5,20,0.0028063
-10.5,21,0.0061220
-10.5,22,0.0028008
-10.5,23,0.0024237
-10.5,24,0.0051034
-10.5,25,0.0021787
-10.5,26,0.0004041
-10.5,27,0.0017473
-10.5,28,0.0040675
-10.5,29,0.0017948
-10.5,30,0.0015704
-10.5,31,0.0034692
-10.5,32,0.0014364
-10.5,33,0.0002079
-10.5,34,0.0011775
-10.5,35,0.0028393
-10.5,36,0.0012329
-10.5,37,0.0010900
-10.5,38,0.0024615
-10.5,39,0.0010067
-10.5,40,0.0000739
-10.5,41,0.0000055
-10.5,42,0.0000036
-10.5,43,0.0000027
-10.5,44,0.0000020
-10.5,45,0.0000015
-10.5,46,0.0000011
-10.5,47,0.0000008
-10.5,48,0.0000006
-10.5,49,0.0000005
-10.5,50,0.0000003
-10.5,51,0.0000002
-10.5,52,0.0000002
-10.5,53,0.0000001
-10.5,54,0.0000001
-10.5,55,0.0000001
-10.5,56,0.0000000
-10.5,57,0.0000000
-10.5,58,0.0000000
-10.5,59,0.0000000
-10.5,60,0.0000000
-10.5,61,0.0000000
-10.5,62,0.0000000
-10.5,63,0.0000000
-10.5,64,0.0000000
-10.5,65,0.0000000
-10.5,66,0.0000000
-10.5,67,0.0000000
-10.5,68,0.0000000
-10.5,69,0.0000000
-10.5,70,0.0000000
-10.5,71,0.0000000
-10.5,72,0.0000000
-10.5,73,0.0000000
-10.5,74,0.0000000
-10.0,-75,0.0000001
-10.0,-74,0.0000001
-10.0,-73,0.0000001
-10.0,-72,0.0000002
-10.0,-71,0.0000003
-10.0,-70,0.0000004
-10.0,-69,0.0000005
-10.0,-68,0.0000007
-10.0,-67,0.0000010
-10.0,-66,0.0000013
-10.0,-65,0.0000018
-10.0,-64,0.0000024
-10.0,-63,0.0000032
-10.0,-62,0.0000042
-10.0,-61,0.0000055
-10.0,-60,0.0000072
-10.0,-59,0.0000094
-10.0,-58,0.0000122
-10.0,-57,0.0000157
-10.0,-56,0.0000202
-10.0,-55,0.0000257
-10.0,-54,0.0000326
-10.0,-53,0.0000410
-10.0,-52,0.0000515
-10.0,-51,0.0000642
-10.0,-50,0.0000797
-10.0,-49,0.0000983
-10.0,-48,0.0001207
-10.0,-47,0.0001474
-10.0,-46,0.0001807
-10.0,-45,0.0003634
-10.0,-44,0.0024344
-10.0,-43,0.0058050
-10.0,-42,0.0049626
-10.0,-41,0.0065252
-10.0,-40,0.0031302
-10.0,-39,0.0036276
-10.0,-38,0.0077242
-10.0,-37,0.0036757
-10.0,-36,0.0013728
-10.0,-35,0.0046920
-10.0,-34,0.0101041
-10.0,-33,0.0052970
-10.0,-32,0.0061655
-10.0,-31,0.0124578
-10.0,-30,0.0066710
-10.0,-29,0.0077730
-10.0,-28,0.0154321
-10.0,-27,0.0079400
-10.0,-26,0.0036978
-10.0,-25,0.0101812
-10.0,-24,0.0207127
-10.0,-23,0.0112831
-10.0,-22,0.0132874
-10.0,-21,0.0260745
-10.0,-20,0.0132975
-10.0,-19,0.0060325
-10.0,-18,0.0176121
-10.0,-17,0.0364723
-10.0,-16,0.0191828
-10.0,-15,0.0240046
-10.0,-14,0.0492120
-10.0,-13,0.0233968
-10.0,-12,0.0095544
-10.0,-11,0.0462933
-10.0,-10,0.1052467
-10.0,-9,0.0475350
-10.0,-8,0.0286116
-10.0,-7,0.0553111
-10.0,-6,0.0257012
-10.0,-5,0.0075171
-10.0,-4,0.0179441
-10.0,-3,0.0363656
-10.0,-2,0.0175603
-10.0,-1,0.0054123
-10.0,0,0.0007525
-10.0,1,0.0047956
-10.0,2,0.0119106
-10.0,3,0.0231008
-10.0,4,0.0113419
-10.0,5,0.0041251
-10.0,6,0.0087890
-10.0,7,0.0169978
-10.0,8,0.0085793
-10.0,9,0.0073423
-10.0,10,0.0136041
-10.0,11,0.0065017
-10.0,12,0.0021462
-10.0,13,0.0050634
-10.0,14,0.0102039
-10.0,15,0.0049364
-10.0,16,0.0042398
-10.0,17,0.0082983
-10.0,18,0.0037507
-10.0,19,0.0009744
-10.0,20,0.0029451
-10.0,21,0.0063899
-10.0,22,0.0029332
-10.0,23,0.0025365
-10.0,24,0.0053173
-10.0,25,0.0022771
-10.0,26,0.0004317
-10.0,27,0.0018232
-10.0,28,0.0042286
-10.0,29,0.0018693
-10.0,30,0.0016342
-10.0,31,0.0036013
-10.0,32,0.0014933
-10.0,33,0.0002190
-10.0,34,0.0012223
-10.0,35,0.0029429
-10.0,36,0.0012787
-10.0,37,0.0011297
-10.0,38,0.0025489
-10.0,39,0.0010429
-10.0,40,0.0000772
-10.0,41,0.0000063
-10.0,42,0.0000042
-10.0,43,0.0000032
-10.0,44,0.0000024
-10.0,45,0.0000018
-10.0,46,0.0000013
-10.0,47,0.0000010
-10.0,48,0.0000007
-10.0,49,0.0000005
-10.0,50,0.0000004
-10.0,51,0.0000003
-10.0,52,0.0000002
-10.0,53,0.0000001
-10.0,54,0.0000001
-10.0,55,0.0000001
-10.0,56,0.0000001
-10.0,57,0.0000000
-10.0,58,0.0000000
-10.0,59,0.0000000
-10.0,60,0.0000000
-10.0,61,0.0000000
-10.0,62,0.0000000
-10.0,63,0.0000000
-10.0,64,0.0000000
-10.0,65,0.0000000
-10.0,66,0.0000000
-10.0,67,0.0000000
-10.0,68,0.0000000
-10.0,69,0.0000000
-10.0,70,0.0000000
-10.0,71,0.0000000
-10.0,72,0.0000000
-10.0,73,0.0000000
-10.0,74,0.0000000
-9.5,-75,0.0000001
-9.5,-74,0.0000001
-9.5,-73,0.0000001
-9.5,-72,0.0000002
-9.5,-71,0.0000002
-9.5,-70,0.0000003
-9.5,-69,0.0000005
-9.5,-68,0.0000006
-9.5,-67,0.0000008
-9.5,-66,0.0000011
-9.5,-65,0.0000015
-9.5,-64,0.0000020
-9.5,-63,0.0000027
-9.5,-62,0.0000036
-9.5,-61,0.0000048
-9.5,-60,0.0000063
-9.5,-59,0.0000082
-9.5,-58,0.0000106
-9.5,-57,0.0000137
-9.5,-56,0.0000176
-9.5,-55,0.0000225
-9.5,-54,0.0000286
-9.5,-53,0.0000361
-9.5,-52,0.0000454
-9.5,-51,0.0000568
-9.5,-50,0.0000706
-9.5,-49,0.0000874
-9.5,-48,0.0001076
-9.5,-47,0.0001318
-9.5,-46,0.0001621
-9.5,-45,0.0003358
-9.5,-44,0.0023240
-9.5,-43,0.0055611
-9.5,-42,0.0047476
-9.5,-41,0.0062444
-9.5,-40,0.0029806
-9.5,-39,0.0034525
-9.5,-38,0.0073797
-9.5,-37,0.0034927
-9.5,-36,0.0012801
-9.5,-35,0.0044561
-9.5,-34,0.0096370
-9.5,-33,0.0050310
-9.5,-32,0.0058550
-9.5,-31,0.0118702
-9.5,-30,0.0063367
-9.5,-29,0.0073820
-9.5,-28,0.0146921
-9.5,-27,0.0075463
-9.5,-26,0.0035011
-9.5,-25,0.0096713
-9.5,-24,0.0196931
-9.5,-23,0.0107336
-9.5,-22,0.0126205
-9.5,-21,0.0247455
-9.5,-20,0.0126542
-9.5,-19,0.0057798
-9.5,-18,0.0166770
-9.5,-17,0.0344227
-9.5,-16,0.0181762
-9.5,-15,0.0225468
-9.5,-14,0.0459784
-9.5,-13,0.0220068
-9.5,-12,0.0087574
-9.5,-11,0.0372536
-9.5,-10,0.0833535
-9.5,-9,0.0428788
-9.5,-8,0.0323989
-9.5,-7,0.0646968
-9.5,-6,0.0298730
-9.5,-5,0.0084699
-9.5,-4,0.0204688
-9.5,-3,0.0417110
-9.5,-2,0.0200691
-9.5,-1,0.0060957
-9.5,0,0.0008244
-9.5,1,0.0054189
-9.5,2,0.0135487
-9.5,3,0.0263248
-9.5,4,0.0129261
-9.5,5,0.0047039
-9.5,6,0.0100068
-9.5,7,0.0193368
-9.5,8,0.0097781
-9.5,9,0.0083650
-9.5,10,0.0154612
-9.5,11,0.0074130
-9.5,12,0.0024767
-9.5,13,0.0057719
-9.5,14,0.0115797
-9.5,15,0.0056229
-9.5,16,0.0048280
-9.5,17,0.0094040
-9.5,18,0.0042687
-9.5,19,0.0011323
-9.5,20,0.0033485
-9.5,21,0.0072254
-9.5,22,0.0033283
-9.5,23,0.0028763
-9.5,24,0.0060020
-9.5,25,0.0025786
-9.5,26,0.0004999
-9.5,27,0.0020613
-9.5,28,0.0047624
-9.5,29,0.0021094
-9.5,30,0.0018426
-9.5,31,0.0040499
-9.5,32,0.0016819
-9.5,33,0.0002501
-9.5,34,0.0013747
-9.5,35,0.0033041
-9.5,36,0.0014367
-9.5,37,0.0012685
-9.5,38,0.0028590
-9.5,39,0.0011704
-9.5,40,0.0000875
-9.5,41,0.0000078
-9.5,42,0.0000053
-9.5,43,0.0000040
-9.5,44,0.0000030
-9.5,45,0.0000023
-9.5,46,0.0000017
-9.5,47,0.0000013
-9.5,48,0.0000009
-9.5,49,0.0000007
-9.5,50,0.0000005
-9.5,51,0.0000004
-9.5,52,0.0000003
-9.5,53,0.0000002
-9.5,54,0.0000001
-9.5,55,0.0000001
-9.5,56,0.0000001
-9.5,57,0.0000001
-9.5,58,0.0000000
-9.5,59,0.0000000
-9.5,60,0.0000000
-9.5,61,0.0000000
-9.5,62,0.0000000
-9.5,63,0.0000000
-9.5,64,0.0000000
-9.5,65,0.0000000
-9.5,66,0.0000000
-9.5,67,0.0000000
-9.5,68,0.0000000
-9.5,69,0.0000000
-9.5,70,0.0000000
-9.5,71,0.0000000
-9.5,72,0.0000000
-9.5,73,0.0000000
-9.5,74,0.0000000
-9.0,-75,0.0000001
-9.0,-74,0.0000001
-9.0,-73,0.0000001
-9.0,-72,0.0000002
-9.0,-71,0.0000002
-9.0,-70,0.0000003
-9.0,-69,0.0000004
-9.0,-68,0.0000005
-9.0,-67,0.0000007
-9.0,-66,0.0000010
-9.0,-65,0.0000013
-9.0,-64,0.0000018
-9.0,-63,0.0000024
-9.0,-62,0.0000032
-9.0,-61,0.0000042
-9.0,-60,0.0000056
-9.0,-59,0.0000073
-9.0,-58,0.0000095
-9.0,-57,0.0000123
-9.0,-56,0.0000158
-9.0,-55,0.0000203
-9.0,-54,0.0000258
-9.0,-53,0.0000328
-9.0,-52,0.0000413
-9.0,-51,0.0000518
-9.0,-50,0.0000646
-9.0,-49,0.0000802
-9.0,-48,0.0000989
-9.0,-47,0.0001215
-9.0,-46,0.0001499
-9.0,-45,0.0003205
-9.0,-44,0.0022923
-9.0,-43,0.0055037
-9.0,-42,0.0046922
-9.0,-41,0.0061734
-9.0,-40,0.0029321
-9.0,-39,0.0033947
-9.0,-38,0.0072836
-9.0,-37,0.0034285
-9.0,-36,0.0012324
-9.0,-35,0.0043715
-9.0,-34,0.0094947
-9.0,-33,0.0049353
-9.0,-32,0.0057427
-9.0,-31,0.0116830
-9.0,-30,0.0062163
-9.0,-29,0.0072402
-9.0,-28,0.0144483
-9.0,-27,0.0074062
-9.0,-26,0.0034205
-9.0,-25,0.0094878
-9.0,-24,0.0193420
-9.0,-23,0.0105451
-9.0,-22,0.0123817
-9.0,-21,0.0242640
-9.0,-20,0.0124380
-9.0,-19,0.0057154
-9.0,-18,0.0163208
-9.0,-17,0.0335879
-9.0,-16,0.0178026
-9.0,-15,0.0219162
-9.0,-14,0.0444727
-9.0,-13,0.0214267
-9.0,-12,0.0085711
-9.0,-11,0.0342418
-9.0,-10,0.0758643
-9.0,-9,0.0373131
-9.0,-8,0.0339551
-9.0,-7,0.0692198
-9.0,-6,0.0317423
-9.0,-5,0.0086882
-9.0,-4,0.0212555
-9.0,-3,0.0435653
-9.0,-2,0.0208792
-9.0,-1,0.0062387
-9.0,0,0.0008213
-9.0,1,0.0055624
-9.0,2,0.0140155
-9.0,3,0.0272897
-9.0,4,0.0133975
-9.0,5,0.0048736
-9.0,6,0.0103598
-9.0,7,0.0200084
-9.0,8,0.0101345
-9.0,9,0.0086661
-9.0,10,0.0159826
-9.0,11,0.0076864
-9.0,12,0.0025973
-9.0,13,0.0059836
-9.0,14,0.0119531
-9.0,15,0.0058255
-9.0,16,0.0050006
-9.0,17,0.0096942
-9.0,18,0.0044194
-9.0,19,0.0011964
-9.0,20,0.0034634
-9.0,21,0.0074323
-9.0,22,0.0034357
-9.0,23,0.0029672
-9.0,24,0.0061630
-9.0,25,0.0026567
-9.0,26,0.0005268
-9.0,27,0.0021203
-9.0,28,0.0048791
-9.0,29,0.0021656
-9.0,30,0.0018901
-9.0,31,0.0041428
-9.0,32,0.0017233
-9.0,33,0.0002600
-9.0,34,0.0014065
-9.0,35,0.0033742
-9.0,36,0.0014683
-9.0,37,0.0012955
-9.0,38,0.0029175
-9.0,39,0.0012644
-9.0,40,0.0011199
-9.0,41,0.0025350
-9.0,42,0.0010357
-9.0,43,0.0000743
-9.0,44,0.0000043
-9.0,45,0.0000026
-9.0,46,0.0000020
-9.0,47,0.0000015
-9.0,48,0.0000011
-9.0,49,0.0000008
-9.0,50,0.0000006
-9.0,51,0.0000004
-9.0,52,0.0000003
-9.0,53,0.0000002
-9.0,54,0.0000002
-9.0,55,0.0000001
-9.0,56,0.0000001
-9.0,57,0.0000001
-9.0,58,0.0000000
-9.0,59,0.0000000
-9.0,60,0.0000000
-9.0,61,0.0000000
-9.0,62,0.0000000
-9.0,63,0.0000000
-9.0,64,0.0000000
-9.0,65,0.0000000
-9.0,66,0.0000000
-9.0,67,0.0000000
-9.0,68,0.0000000
-9.0,69,0.0000000
-9.0,70,0.0000000
-9.0,71,0.0000000
-9.0,72,0.0000000
-9.0,73,0.0000000
-9.0,74,0.0000000
-8.5,-75,0.0000000
-8.5,-74,0.0000001
-8.5,-73,0.0000001
-8.5,-72,0.0000001
-8.5,-71,0.0000002
-8.5,-70,0.0000002
-8.5,-69,0.0000003
-8.5,-68,0.0000005
-8.5,-67,0.0000006
-8.5,-66,0.0000009
-8.5,-65,0.0000012
-8.5,-64,0.0000016
-8.5,-63,0.0000021
-8.5,-62,0.0000028
-8.5,-61,0.0000038
-8.5,-60,0.0000050
-8.5,-59,0.0000065
-8.5,-58,0.0000085
-8.5,-57,0.0000110
-8.5,-56,0.0000142
-8.5,-55,0.0000183
-8.5,-54,0.0000233
-8.5,-53,0.0000297
-8.5,-52,0.0000375
-8.5,-51,0.0000471
-8.5,-50,0.0000590
-8.5,-49,0.0000734
-8.5,-48,0.0000908
-8.5,-47,0.0001118
-8.5,-46,0.0001384
-8.5,-45,0.0003059
-8.5,-44,0.0022607
-8.5,-43,0.0054453
-8.5,-42,0.0046362
-8.5,-41,0.0061014
-8.5,-40,0.0028838
-8.5,-39,0.0033370
-8.5,-38,0.0071865
-8.5,-37,0.0033643
-8.5,-36,0.0011853
-8.5,-35,0.0042869
-8.5,-34,0.0093511
-8.5,-33,0.0048390
-8.5,-32,0.0056297
-8.5,-31,0.0114941
-8.5,-30,0.0060945
-8.5,-29,0.0070971
-8.5,-28,0.0142025
-8.5,-27,0.0072635
-8.5,-26,0.0033368
-8.5,-25,0.0093021
-8.5,-24,0.0189901
-8.5,-23,0.0103532
-8.5,-22,0.0121415
-8.5,-21,0.0237871
-8.5,-20,0.0122189
-8.5,-19,0.0056444
-8.5,-18,0.0159725
-8.5,-17,0.0327843
-8.5,-16,0.0174393
-8.5,-15,0.0213270
-8.5,-14,0.0430796
-8.5,-13,0.0208873
-8.5,-12,0.0084387
-8.5,-11,0.0321117
-8.5,-10,0.0705528
-8.5,-9,0.0339792
-8.5,-8,0.0357216
-8.5,-7,0.0741706
-8.5,-6,0.0337583
-8.5,-5,0.0088714
-8.5,-4,0.0219584
-8.5,-3,0.0452795
-8.5,-2,0.0216086
-8.5,-1,0.0063400
-8.5,0,0.0008130
-8.5,1,0.0056668
-8.5,2,0.0144059
-8.5,3,0.0281187
-8.5,4,0.0137981
-8.5,5,0.0050127
-8.5,6,0.0106552
-8.5,7,0.0205748
-8.5,8,0.0104364
-8.5,9,0.0089198
-8.5,10,0.0164186
-8.5,11,0.0079189
-8.5,12,0.0027042
-8.5,13,0.0061634
-8.5,14,0.0122622
-8.5,15,0.0059976
-8.5,16,0.0051470
-8.5,17,0.0099319
-8.5,18,0.0045471
-8.5,19,0.0012557
-8.5,20,0.0035605
-8.5,21,0.0075984
-8.5,22,0.0035252
-8.5,23,0.0030426
-8.5,24,0.0062897
-8.5,25,0.0027208
-8.5,26,0.0005519
-8.5,27,0.0021680
-8.5,28,0.0049680
-8.5,29,0.0022099
-8.5,30,0.0019272
-8.5,31,0.0042118
-8.5,32,0.0017550
-8.5,33,0.0002690
-8.5,34,0.0014303
-8.5,35,0.0034244
-8.5,36,0.0014914
-8.5,37,0.0013150
-8.5,38,0.0029579
-8.5,39,0.0012825
-8.5,40,0.0011353
-8.5,41,0.0025679
-8.5,42,0.0010494
-8.5,43,0.0000758
-8.5,44,0.0000047
-8.5,45,0.0000030
-8.5,46,0.0000022
-8.5,47,0.0000017
-8.5,48,0.0000012
-8.5,49,0.0000009
-8.5,50,0.0000007
-8.5,51,0.0000005
-8.5,52,0.0000004
-8.5,53,0.0000003
-8.5,54,0.0000002
-8.5,55,0.0000001
-8.5,56,0.0000001
-8.5,57,0.0000001
-8.5,58,0.0000001
-8.5,59,0.0000000
-8.5,60,0.0000000
-8.5,61,0.0000000
-8.5,62,0.0000000
-8.5,63,0.0000000
-8.5,64,0.0000000
-8.5,65,0.0000000
-8.5,66,0.0000000
-8.5,67,0.0000000
-8.5,68,0.0000000
-8.5,69,0.0000000
-8.5,70,0.0000000
-8.5,71,0.0000000
-8.5,72,0.0000000
-8.5,73,0.0000000
-8.5,74,0.0000000
-8.0,-75,0.0000000
-8.0,-74,0.0000001
-8.0,-73,0.0000001
-8.0,-72,0.0000001
-8.0,-71,0.0000002
-8.0,-70,0.0000002
-8.0,-69,0.0000003
-8.0,-68,0.0000004
-8.0,-67,0.0000006
-8.0,-66,0.0000008
-8.0,-65,0.0000010
-8.0,-64,0.0000014
-8.0,-63,0.0000019
-8.0,-62,0.0000025
-8.0,-61,0.0000033
-8.0,-60,0.0000044
-8.0,-59,0.0000057
-8.0,-58,0.0000075
-8.0,-57,0.0000098
-8.0,-56,0.0000127
-8.0,-55,0.0000163
-8.0,-54,0.0000209
-8.0,-53,0.0000266
-8.0,-52,0.0000337
-8.0,-51,0.0000425
-8.0,-50,0.0000533
-8.0,-49,0.0000665
-8.0,-48,0.0000825
-8.0,-47,0.0001018
-8.0,-46,0.0001266
-8.0,-45,0.0002898
-8.0,-44,0.0022120
-8.0,-43,0.0053444
-8.0,-42,0.0045443
-8.0,-41,0.0059819
-8.0,-40,0.0028139
-8.0,-39,0.0032542
-8.0,-38,0.0070339
-8.0,-37,0.0032749
-8.0,-36,0.0011301
-8.0,-35,0.0041698
-8.0,-34,0.0091353
-8.0,-33,0.0047058
-8.0,-32,0.0054737
-8.0,-31,0.0112164
-8.0,-30,0.0059254
-8.0,-29,0.0068990
-8.0,-28,0.0138472
-8.0,-27,0.0070637
-8.0,-26,0.0032254
-8.0,-25,0.0090440
-8.0,-24,0.0184937
-8.0,-23,0.0100796
-8.0,-22,0.0118081
-8.0,-21,0.0231339
-8.0,-20,0.0119043
-8.0,-19,0.0055240
-8.0,-18,0.0155095
-8.0,-17,0.0317604
-8.0,-16,0.0169521
-8.0,-15,0.0206106
-8.0,-14,0.0414570
-8.0,-13,0.0202227
-8.0,-12,0.0082661
-8.0,-11,0.0302000
-8.0,-10,0.0658565
-8.0,-9,0.0323053
-8.0,-8,0.0374157
-8.0,-7,0.0800660
-8.0,-6,0.0361383
-8.0,-5,0.0090458
-8.0,-4,0.0226134
-8.0,-3,0.0469264
-8.0,-2,0.0222919
-8.0,-1,0.0064096
-8.0,0,0.0008011
-8.0,1,0.0057403
-8.0,2,0.0147397
-8.0,3,0.0288506
-8.0,4,0.0141466
-8.0,5,0.0051274
-8.0,6,0.0109071
-8.0,7,0.0210638
-8.0,8,0.0106976
-8.0,9,0.0091378
-8.0,10,0.0167917
-8.0,11,0.0081206
-8.0,12,0.0028004
-8.0,13,0.0063192
-8.0,14,0.0125238
-8.0,15,0.0061470
-8.0,16,0.0052740
-8.0,17,0.0101309
-8.0,18,0.0046580
-8.0,19,0.0013115
-8.0,20,0.0036445
-8.0,21,0.0077346
-8.0,22,0.0036017
-8.0,23,0.0031068
-8.0,24,0.0063914
-8.0,25,0.0027747
-8.0,26,0.0005759
-8.0,27,0.0022075
-8.0,28,0.0050366
-8.0,29,0.0022456
-8.0,30,0.0019567
-8.0,31,0.0042632
-8.0,32,0.0017798
-8.0,33,0.0002772
-8.0,34,0.0014482
-8.0,35,0.0034601
-8.0,36,0.0015083
-8.0,37,0.0013289
-8.0,38,0.0029855
-8.0,39,0.0012952
-8.0,40,0.0011458
-8.0,41,0.0025896
-8.0,42,0.0010587
-8.0,43,0.0000770
-8.0,44,0.0000053
-8.0,45,0.0000034
-8.0,46,0.0000025
-8.0,47,0.0000019
-8.0,48,0.0000014
-8.0,49,0.0000011
-8.0,50,0.0000008
-8.0,51,0.0000006
-8.0,52,0.0000004
-8.0,53,0.0000003
-8.0,54,0.0000002
-8.0,55,0.0000002
-8.0,56,0.0000001
-8.0,57,0.0000001
-8.0,58,0.0000001
-8.0,59,0.0000000
-8.0,60,0.0000000
-8.0,61,0.0000000
-8.0,62,0.0000000
-8.0,63,0.0000000
-8.0,64,0.0000000
-8.0,65,0.0000000
-8.0,66,0.0000000
-8.0,67,0.0000000
-8.0,68,0.0000000
-8.0,69,0.0000000
-8.0,70,0.0000000
-8.0,71,0.0000000
-8.0,72,0.0000000
-8.0,73,0.0000000
-8.0,74,0.0000000
-7.5,-75,0.0000000
-7.5,-74,0.0000000
-7.5,-73,0.0000001
-7.5,-72,0.0000001
-7.5,-71,0.0000001
-7.5,-70,0.0000002
-7.5,-69,0.0000003
-7.5,-68,0.0000003
-7.5,-67,0.0000005
-7.5,-66,0.0000006
-7.5,-65,0.0000009
-7.5,-64,0.0000012
-7.5,-63,0.0000016
-7.5,-62,0.0000021
-7.5,-61,0.0000029
-7.5,-60,0.0000038
-7.5,-59,0.0000050
-7.5,-58,0.0000066
-7.5,-57,0.0000086
-7.5,-56,0.0000111
-7.5,-55,0.0000144
-7.5,-54,0.0000184
-7.5,-53,0.0000236
-7.5,-52,0.0000299
-7.5,-51,0.0000378
-7.5,-50,0.0000476
-7.5,-49,0.0000595
-7.5,-48,0.0000741
-7.5,-47,0.0000917
-7.5,-46,0.0001143
-7.5,-45,0.0002716
-7.5,-44,0.0021410
-7.5,-43,0.0051881
-7.5,-42,0.0044058
-7.5,-41,0.0058008
-7.5,-40,0.0027159
-7.5,-39,0.0031389
-7.5,-38,0.0068093
-7.5,-37,0.0031530
-7.5,-36,0.0010652
-7.5,-35,0.0040114
-7.5,-34,0.0088265
-7.5,-33,0.0045255
-7.5,-32,0.0052630
-7.5,-31,0.0108249
-7.5,-30,0.0056965
-7.5,-29,0.0066315
-7.5,-28,0.0133517
-7.5,-27,0.0067916
-7.5,-26,0.0030800
-7.5,-25,0.0086940
-7.5,-24,0.0178118
-7.5,-23,0.0097025
-7.5,-22,0.0113557
-7.5,-21,0.0222534
-7.5,-20,0.0114676
-7.5,-19,0.0053414
-7.5,-18,0.0148974
-7.5,-17,0.0304456
-7.5,-16,0.0163021
-7.5,-15,0.0197186
-7.5,-14,0.0395087
-7.5,-13,0.0193841
-7.5,-12,0.0080211
-7.5,-11,0.0282900
-7.5,-10,0.0612684
-7.5,-9,0.0306820
-7.5,-8,0.0406066
-7.5,-7,0.0879790
-7.5,-6,0.0393208
-7.5,-5,0.0092434
-7.5,-4,0.0232280
-7.5,-3,0.0485202
-7.5,-2,0.0229356
-7.5,-1,0.0064486
-7.5,0,0.0007859
-7.5,1,0.0057832
-7.5,2,0.0150171
-7.5,3,0.0294853
-7.5,4,0.0144427
-7.5,5,0.0052173
-7.5,6,0.0111150
-7.5,7,0.0214750
-7.5,8,0.0109173
-7.5,9,0.0093195
-7.5,10,0.0171013
-7.5,11,0.0082910
-7.5,12,0.0028850
-7.5,13,0.0064506
-7.5,14,0.0127378
-7.5,15,0.0062733
-7.5,16,0.0053812
-7.5,17,0.0102915
-7.5,18,0.0047519
-7.5,19,0.0013633
-7.5,20,0.0037152
-7.5,21,0.0078413
-7.5,22,0.0036650
-7.5,23,0.0031596
-7.5,24,0.0064684
-7.5,25,0.0028185
-7.5,26,0.0005986
-7.5,27,0.0022389
-7.5,28,0.0050854
-7.5,29,0.0022728
-7.5,30,0.0019789
-7.5,31,0.0042976
-7.5,32,0.0017977
-7.5,33,0.0002847
-7.5,34,0.0014606
-7.5,35,0.0034817
-7.5,36,0.0015192
-7.5,37,0.0013376
-7.5,38,0.0030007
-7.5,39,0.0013026
-7.5,40,0.0011516
-7.5,41,0.0026005
-7.5,42,0.0010636
-7.5,43,0.0000780
-7.5,44,0.0000058
-7.5,45,0.0000038
-7.5,46,0.0000029
-7.5,47,0.0000022
-7.5,48,0.0000016
-7.5,49,0.0000012
-7.5,50,0.0000009
-7.5,51,0.0000007
-7.5,52,0.0000005
-7.5,53,0.0000003
-7.5,54,0.0000003
-7.5,55,0.0000002
-7.5,56,0.0000001
-7.5,57,0.0000001
-7.5,58,0.0000001
-7.5,59,0.0000001
-7.5,60,0.0000000
-7.5,61,0.0000000
-7.5,62,0.0000000
-7.5,63,0.0000000
-7.5,64,0.0000000
-7.5,65,0.0000000
-7.5,66,0.0000000
-7.5,67,0.0000000
-7.5,68,0.0000000
-7.5,69,0.0000000
-7.5,70,0.0000000
-7.5,71,0.0000000
-7.5,72,0.0000000
-7.5,73,0.0000000
-7.5,74,0.0000000
-7.0,-75,0.0000000
-7.0,-74,0.0000000
-7.0,-73,0.0000001
-7.0,-72,0.0000001
-7.0,-71,0.0000001
-7.0,-70,0.0000001
-7.0,-69,0.0000002
-7.0,-68,0.0000003
-7.0,-67,0.0000004
-7.0,-66,0.0000005
-7.0,-65,0.0000007
-7.0,-64,0.0000009
-7.0,-63,0.0000013
-7.0,-62,0.0000017
-7.0,-61,0.0000023
-7.0,-60,0.0000030
-7.0,-59,0.0000040
-7.0,-58,0.0000052
-7.0,-57,0.0000069
-7.0,-56,0.0000089
-7.0,-55,0.0000116
-7.0,-54,0.0000149
-7.0,-53,0.0000191
-7.0,-52,0.0000243
-7.0,-51,0.0000308
-7.0,-50,0.0000388
-7.0,-49,0.0000487
-7.0,-48,0.0000607
-7.0,-47,0.0000753
-7.0,-46,0.0000943
-7.0,-45,0.0002330
-7.0,-44,0.0018959
-7.0,-43,0.0046072
-7.0,-42,0.0039076
-7.0,-41,0.0051458
-7.0,-40,0.0023981
-7.0,-39,0.0027700
-7.0,-38,0.0060301
-7.0,-37,0.0027771
-7.0,-36,0.0009179
-7.0,-35,0.0035300
-7.0,-34,0.0078011
-7.0,-33,0.0039807
-7.0,-32,0.0046284
-7.0,-31,0.0095558
-7.0,-30,0.0050084
-7.0,-29,0.0058296
-7.0,-28,0.0117753
-7.0,-27,0.0059713
-7.0,-26,0.0026875
-7.0,-25,0.0076428
-7.0,-24,0.0156914
-7.0,-23,0.0085403
-7.0,-22,0.0099873
-7.0,-21,0.0195820
-7.0,-20,0.0101021
-7.0,-19,0.0047195
-7.0,-18,0.0130906
-7.0,-17,0.0267078
-7.0,-16,0.0143428
-7.0,-15,0.0172699
-7.0,-14,0.0344795
-7.0,-13,0.0170100
-7.0,-12,0.0071258
-7.0,-11,0.0243633
-7.0,-10,0.0524317
-7.0,-9,0.0271221
-7.0,-8,0.0450605
-7.0,-7,0.1056505
-7.0,-6,0.0493907
-7.0,-5,0.0101937
-7.0,-4,0.0249622
-7.0,-3,0.0524943
-7.0,-2,0.0246834
-7.0,-1,0.0067702
-7.0,0,0.0008049
-7.0,1,0.0060754
-7.0,2,0.0159731
-7.0,3,0.0314706
-7.0,4,0.0153945
-7.0,5,0.0055368
-7.0,6,0.0118223
-7.0,7,0.0228595
-7.0,8,0.0116299
-7.0,9,0.0099206
-7.0,10,0.0181835
-7.0,11,0.0088360
-7.0,12,0.0031000
-7.0,13,0.0068731
-7.0,14,0.0135261
-7.0,15,0.0066836
-7.0,16,0.0057318
-7.0,17,0.0109155
-7.0,18,0.0050611
-7.0,19,0.0014787
-7.0,20,0.0039544
-7.0,21,0.0083005
-7.0,22,0.0038943
-7.0,23,0.0033555
-7.0,24,0.0068355
-7.0,25,0.0029897
-7.0,26,0.0006497
-7.0,27,0.0023714
-7.0,28,0.0053615
-7.0,29,0.0024023
-7.0,30,0.0020899
-7.0,31,0.0045235
-7.0,32,0.0018962
-7.0,33,0.0003057
-7.0,34,0.0015381
-7.0,35,0.0036578
-7.0,36,0.0015978
-7.0,37,0.0014057
-7.0,38,0.0031489
-7.0,39,0.0013678
-7.0,40,0.0012084
-7.0,41,0.0027264
-7.0,42,0.0011155
-7.0,43,0.0000826
-7.0,44,0.0000068
-7.0,45,0.0000045
-7.0,46,0.0000034
-7.0,47,0.0000026
-7.0,48,0.0000019
-7.0,49,0.0000014
-7.0,50,0.0000011
-7.0,51,0.0000008
-7.0,52,0.0000006
-7.0,53,0.0000004
-7.0,54,0.0000003
-7.0,55,0.0000002
-7.0,56,0.0000002
-7.0,57,0.0000001
-7.0,58,0.0000001
-7.0,59,0.0000001
-7.0,60,0.0000000
-7.0,61,0.0000000
-7.0,62,0.0000000
-7.0,63,0.0000000
-7.0,64,0.0000000
-7.0,65,0.0000000
-7.0,66,0.0000000
-7.0,67,0.0000000
-7.0,68,0.0000000
-7.0,69,0.0000000
-7.0,70,0.0000000
-7.0,71,0.0000000
-7.0,72,0.0000000
-7.0,73,0.0000000
-7.0,74,0.0000000
-6.5,-75,0.0000000
-6.5,-74,0.0000000
-6.5,-73,0.0000000
-6.5,-72,0.0000001
-6.5,-71,0.0000001
-6.5,-70,0.0000001
-6.5,-69,0.0000002
-6.5,-68,0.0000002
-6.5,-67,0.0000003
-6.5,-66,0.0000004
-6.5,-65,0.0000006
-6.5,-64,0.0000008
-6.5,-63,0.0000011
-6.5,-62,0.0000015
-6.5,-61,0.0000020
-6.5,-60,0.0000026
-6.5,-59,0.0000035
-6.5,-58,0.0000046
-6.5,-57,0.0000060
-6.5,-56,0.0000078
-6.5,-55,0.0000101
-6.5,-54,0.0000131
-6.5,-53,0.0000168
-6.5,-52,0.0000215
-6.5,-51,0.0000273
-6.5,-50,0.0000345
-6.5,-49,0.0000434
-6.5,-48,0.0000542
-6.5,-47,0.0000675
-6.5,-46,0.0000848
-6.5,-45,0.0002183
-6.5,-44,0.0018328
-6.5,-43,0.0044658
-6.5,-42,0.0037831
-6.5,-41,0.0049827
-6.5,-40,0.0023117
-6.5,-39,0.0026684
-6.5,-38,0.0058289
-6.5,-37,0.0026700
-6.5,-36,0.0008631
-6.5,-35,0.0033906
-6.5,-34,0.0075257
-6.5,-33,0.0038217
-6.5,-32,0.0044424
-6.5,-31,0.0092070
-6.5,-30,0.0048054
-6.5,-29,0.0055925
-6.5,-28,0.0113343
-6.5,-27,0.0057285
-6.5,-26,0.0025567
-6.5,-25,0.0073314
-6.5,-24,0.0150872
-6.5,-23,0.0082023
-6.5,-22,0.0095852
-6.5,-21,0.0188080
-6.5,-20,0.0097104
-6.5,-19,0.0045467
-6.5,-18,0.0125558
-6.5,-17,0.0255810
-6.5,-16,0.0137749
-6.5,-15,0.0165192
-6.5,-14,0.0328741
-6.5,-13,0.0163027
-6.5,-12,0.0069123
-6.5,-11,0.0229871
-6.5,-10,0.0491679
-6.5,-9,0.0252199
-6.5,-8,0.0367852
-6.5,-7,0.0796146
-6.5,-6,0.0443926
-6.5,-5,0.0106732
-6.5,-4,0.0289108
-6.5,-3,0.0612598
-6.5,-2,0.0286428
-6.5,-1,0.0076436
-6.5,0,0.0008866
-6.5,1,0.0068574
-6.5,2,0.0182772
-6.5,3,0.0361462
-6.5,4,0.0176527
-6.5,5,0.0063143
-6.5,6,0.0135233
-6.5,7,0.0261777
-6.5,8,0.0133250
-6.5,9,0.0113570
-6.5,10,0.0207983
-6.5,11,0.0101276
-6.5,12,0.0035797
-6.5,13,0.0078760
-6.5,14,0.0154510
-6.5,15,0.0076590
-6.5,16,0.0065670
-6.5,17,0.0124548
-6.5,18,0.0057986
-6.5,19,0.0017243
-6.5,20,0.0045279
-6.5,21,0.0094528
-6.5,22,0.0044519
-6.5,23,0.0038341
-6.5,24,0.0077714
-6.5,25,0.0034122
-6.5,26,0.0007588
-6.5,27,0.0027027
-6.5,28,0.0060813
-6.5,29,0.0027320
-6.5,30,0.0023749
-6.5,31,0.0051223
-6.5,32,0.0021520
-6.5,33,0.0003533
-6.5,34,0.0017428
-6.5,35,0.0041340
-6.5,36,0.0018079
-6.5,37,0.0015893
-6.5,38,0.0035547
-6.5,39,0.0015451
-6.5,40,0.0013642
-6.5,41,0.0030747
-6.5,42,0.0012587
-6.5,43,0.0000941
-6.5,44,0.0000084
-6.5,45,0.0000057
-6.5,46,0.0000043
-6.5,47,0.0000032
-6.5,48,0.0000024
-6.5,49,0.0000018
-6.5,50,0.0000014
-6.5,51,0.0000010
-6.5,52,0.0000007
-6.5,53,0.0000005
-6.5,54,0.0000004
-6.5,55,0.0000003
-6.5,56,0.0000002
-6.5,57,0.0000001
-6.5,58,0.0000001
-6.5,59,0.0000001
-6.5,60,0.0000001
-6.5,61,0.0000000
-6.5,62,0.0000000
-6.5,63,0.0000000
-6.5,64,0.0000000
-6.5,65,0.0000000
-6.5,66,0.0000000
-6.5,67,0.0000000
-6.5,68,0.0000000
-6.5,69,0.0000000
-6.5,70,0.0000000
-6.5,71,0.0000000
-6.5,72,0.0000000
-6.5,73,0.0000000
-6.5,74,0.0000000
-6.0,-75,0.0000000
-6.0,-74,0.0000000
-6.0,-73,0.0000000
-6.0,-72,0.0000001
-6.0,-71,0.0000001
-6.0,-70,0.0000001
-6.0,-69,0.0000001
-6.0,-68,0.0000002
-6.0,-67,0.0000003
-6.0,-66,0.0000004
-6.0,-65,0.0000005
-6.0,-64,0.0000007
-6.0,-63,0.0000010
-6.0,-62,0.0000013
-6.0,-61,0.0000017
-6.0,-60,0.0000023
-6.0,-59,0.0000031
-6.0,-58,0.0000041
-6.0,-57,0.0000053
-6.0,-56,0.0000070
-6.0,-55,0.0000091
-6.0,-54,0.0000118
-6.0,-53,0.0000151
-6.0,-52,0.0000194
-6.0,-51,0.0000247
-6.0,-50,0.0000313
-6.0,-49,0.0000395
-6.0,-48,0.0000495
-6.0,-47,0.0000618
-6.0,-46,0.0000780
-6.0,-45,0.0002095
-6.0,-44,0.0018147
-6.0,-43,0.0044332
-6.0,-42,0.0037510
-6.0,-41,0.0049411
-6.0,-40,0.0022824
-6.0,-39,0.0026328
-6.0,-38,0.0057703
-6.0,-37,0.0026291
-6.0,-36,0.0008308
-6.0,-35,0.0033353
-6.0,-34,0.0074348
-6.0,-33,0.0037571
-6.0,-32,0.0043661
-6.0,-31,0.0090842
-6.0,-30,0.0047208
-6.0,-29,0.0054931
-6.0,-28,0.0111717
-6.0,-27,0.0056262
-6.0,-26,0.0024882
-6.0,-25,0.0071998
-6.0,-24,0.0148541
-6.0,-23,0.0080645
-6.0,-22,0.0094183
-6.0,-21,0.0184993
-6.0,-20,0.0095554
-6.0,-19,0.0044808
-6.0,-18,0.0123323
-6.0,-17,0.0250985
-6.0,-16,0.0135482
-6.0,-15,0.0161891
-6.0,-14,0.0321233
-6.0,-13,0.0160089
-6.0,-12,0.0068669
-6.0,-11,0.0222750
-6.0,-10,0.0473750
-6.0,-9,0.0243405
-6.0,-8,0.0339051
-6.0,-7,0.0725635
-6.0,-6,0.0363218
-6.0,-5,0.0106647
-6.0,-4,0.0309581
-6.0,-3,0.0661054
-6.0,-2,0.0307224
-6.0,-1,0.0079525
-6.0,0,0.0008998
-6.0,1,0.0071246
-6.0,2,0.0192763
-6.0,3,0.0382785
-6.0,4,0.0186578
-6.0,5,0.0066298
-6.0,6,0.0142530
-6.0,7,0.0276302
-6.0,8,0.0140681
-6.0,9,0.0119790
-6.0,10,0.0219245
-6.0,11,0.0106959
-6.0,12,0.0038056
-6.0,13,0.0083156
-6.0,14,0.0162664
-6.0,15,0.0080878
-6.0,16,0.0069331
-6.0,17,0.0130976
-6.0,18,0.0061227
-6.0,19,0.0018518
-6.0,20,0.0047784
-6.0,21,0.0099223
-6.0,22,0.0046910
-6.0,23,0.0040381
-6.0,24,0.0081439
-6.0,25,0.0035900
-6.0,26,0.0008168
-6.0,27,0.0028395
-6.0,28,0.0063579
-6.0,29,0.0028642
-6.0,30,0.0024878
-6.0,31,0.0053462
-6.0,32,0.0022514
-6.0,33,0.0003767
-6.0,34,0.0018204
-6.0,35,0.0043062
-6.0,36,0.0018855
-6.0,37,0.0016563
-6.0,38,0.0036982
-6.0,39,0.0016087
-6.0,40,0.0014194
-6.0,41,0.0031957
-6.0,42,0.0013089
-6.0,43,0.0000989
-6.0,44,0.0000096
-6.0,45,0.0000066
-6.0,46,0.0000050
-6.0,47,0.0000038
-6.0,48,0.0000029
-6.0,49,0.0000021
-6.0,50,0.0000016
-6.0,51,0.0000012
-6.0,52,0.0000009
-6.0,53,0.0000006
-6.0,54,0.0000005
-6.0,55,0.0000003
-6.0,56,0.0000002
-6.0,57,0.0000002
-6.0,58,0.0000001
-6.0,59,0.0000001
-6.0,60,0.0000001
-6.0,61,0.0000000
-6.0,62,0.0000000
-6.0,63,0.0000000
-6.0,64,0.0000000
-6.0,65,0.0000000
-6.0,66,0.0000000
-6.0,67,0.0000000
-6.0,68,0.0000000
-6.0,69,0.0000000
-6.0,70,0.0000000
-6.0,71,0.0000000
-6.0,72,0.0000000
-6.0,73,0.0000000
-6.0,74,0.0000000
-5.5,-75,0.0000000
-5.5,-74,0.0000000
-5.5,-73,0.0000000
-5.5,-72,0.0000000
-5.5,-71,0.0000001
-5.5,-70,0.0000001
-5.5,-69,0.0000001
-5.5,-68,0.0000002
-5.5,-67,0.0000002
-5.5,-66,0.0000003
-5.5,-65,0.0000005
-5.5,-64,0.0000006
-5.5,-63,0.0000008
-5.5,-62,0.0000011
-5.5,-61,0.0000015
-5.5,-60,0.0000020
-5.5,-59,0.0000027
-5.5,-58,0.0000036
-5.5,-57,0.0000048
-5.5,-56,0.0000063
-5.5,-55,0.0000082
-5.5,-54,0.0000106
-5.5,-53,0.0000137
-5.5,-52,0.0000176
-5.5,-51,0.0000225
-5.5,-50,0.0000285
-5.5,-49,0.0000361
-5.5,-48,0.0000454
-5.5,-47,0.0000567
-5.5,-46,0.0000719
-5.5,-45,0.0002022
-5.5,-44,0.0018045
-5.5,-43,0.0044188
-5.5,-42,0.0037345
-5.5,-41,0.0049201
-5.5,-40,0.0022631
-5.5,-39,0.0026087
-5.5,-38,0.0057359
-5.5,-37,0.0025997
-5.5,-36,0.0008027
-5.5,-35,0.0032944
-5.5,-34,0.0073750
-5.5,-33,0.0037085
-5.5,-32,0.0043084
-5.5,-31,0.0089992
-5.5,-30,0.0046559
-5.5,-29,0.0054166
-5.5,-28,0.0110554
-5.5,-27,0.0055465
-5.5,-26,0.0024288
-5.5,-25,0.0070974
-5.5,-24,0.0146830
-5.5,-23,0.0079586
-5.5,-22,0.0092896
-5.5,-21,0.0182693
-5.5,-20,0.0094378
-5.5,-19,0.0044289
-5.5,-18,0.0121611
-5.5,-17,0.0247307
-5.5,-16,0.0133791
-5.5,-15,0.0159360
-5.5,-14,0.0315387
-5.5,-13,0.0157903
-5.5,-12,0.0068484
-5.5,-11,0.0217224
-5.5,-10,0.0459552
-5.5,-9,0.0236865
-5.5,-8,0.0320068
-5.5,-7,0.0678757
-5.5,-6,0.0309898
-5.5,-5,0.0105241
-5.5,-4,0.0326075
-5.5,-3,0.0701866
-5.5,-2,0.0324090
-5.5,-1,0.0081085
-5.5,0,0.0008947
-5.5,1,0.0072440
-5.5,2,0.0199224
-5.5,3,0.0397363
-5.5,4,0.0193247
-5.5,5,0.0068136
-5.5,6,0.0147149
-5.5,7,0.0285764
-5.5,8,0.0145500
-5.5,9,0.0123760
-5.5,10,0.0226443
-5.5,11,0.0110651
-5.5,12,0.0039598
-5.5,13,0.0085998
-5.5,14,0.0167783
-5.5,15,0.0083667
-5.5,16,0.0071705
-5.5,17,0.0134954
-5.5,18,0.0063337
-5.5,19,0.0019471
-5.5,20,0.0049407
-5.5,21,0.0102052
-5.5,22,0.0048434
-5.5,23,0.0041674
-5.5,24,0.0083625
-5.5,25,0.0037013
-5.5,26,0.0008615
-5.5,27,0.0029235
-5.5,28,0.0065134
-5.5,29,0.0029427
-5.5,30,0.0025540
-5.5,31,0.0054676
-5.5,32,0.0023082
-5.5,33,0.0003938
-5.5,34,0.0018633
-5.5,35,0.0043950
-5.5,36,0.0019270
-5.5,37,0.0016914
-5.5,38,0.0037698
-5.5,39,0.0016413
-5.5,40,0.0014471
-5.5,41,0.0032542
-5.5,42,0.0013336
-5.5,43,0.0001019
-5.5,44,0.0000108
-5.5,45,0.0000075
-5.5,46,0.0000057
-5.5,47,0.0000043
-5.5,48,0.0000033
-5.5,49,0.0000025
-5.5,50,0.0000018
-5.5,51,0.0000014
-5.5,52,0.0000010
-5.5,53,0.0000007
-5.5,54,0.0000005
-5.5,55,0.0000004
-5.5,56,0.0000003
-5.5,57,0.0000002
-5.5,58,0.0000001
-5.5,59,0.0000001
-5.5,60,0.0000001
-5.5,61,0.0000001
-5.5,62,0.0000000
-5.5,63,0.0000000
-5.5,64,0.0000000
-5.5,65,0.0000000
-5.5,66,0.0000000
-5.5,67,0.0000000
-5.5,68,0.0000000
-5.5,69,0.0000000
-5.5,70,0.0000000
-5.5,71,0.0000000
-5.5,72,0.0000000
-5.5,73,0.0000000
-5.5,74,0.0000000
-5.0,-75,0.0000000
-5.0,-74,0.0000000
-5.0,-73,0.0000000
-5.0,-72,0.0000000
-5.0,-71,0.0000001
-5.0,-70,0.0000001
-5.0,-69,0.0000001
-5.0,-68,0.0000002
-5.0,-67,0.0000002
-5.0,-66,0.0000003
-5.0,-65,0.0000004
-5.0,-64,0.0000005
-5.0,-63,0.0000007
-5.0,-62,0.0000010
-5.0,-61,0.0000014
-5.0,-60,0.0000018
-5.0,-59,0.0000025
-5.0,-58,0.0000033
-5.0,-57,0.0000043
-5.0,-56,0.0000057
-5.0,-55,0.0000074
-5.0,-54,0.0000097
-5.0,-53,0.0000125
-5.0,-52,0.0000161
-5.0,-51,0.0000207
-5.0,-50,0.0000264
-5.0,-49,0.0000334
-5.0,-48,0.0000421
-5.0,-47,0.0000528
-5.0,-46,0.0000672
-5.0,-45,0.0001982
-5.0,-44,0.0018227
-5.0,-43,0.0044737
-5.0,-42,0.0037767
-5.0,-41,0.0049761
-5.0,-40,0.0022794
-5.0,-39,0.0026256
-5.0,-38,0.0057913
-5.0,-37,0.0026112
-5.0,-36,0.0007875
-5.0,-35,0.0033053
-5.0,-34,0.0074306
-5.0,-33,0.0037179
-5.0,-32,0.0043179
-5.0,-31,0.0090546
-5.0,-30,0.0046631
-5.0,-29,0.0054241
-5.0,-28,0.0111111
-5.0,-27,0.0055521
-5.0,-26,0.0024054
-5.0,-25,0.0071041
-5.0,-24,0.0147400
-5.0,-23,0.0079744
-5.0,-22,0.0093037
-5.0,-21,0.0183240
-5.0,-20,0.0094643
-5.0,-19,0.0044413
-5.0,-18,0.0121787
-5.0,-17,0.0247545
-5.0,-16,0.0134178
-5.0,-15,0.0159367
-5.0,-14,0.0314678
-5.0,-13,0.0158229
-5.0,-12,0.0069343
-5.0,-11,0.0215546
-5.0,-10,0.0453751
-5.0,-9,0.0234766
-5.0,-8,0.0310169
-5.0,-7,0.0652497
-5.0,-6,0.0300556
-5.0,-5,0.0095433
-5.0,-4,0.0332320
-5.0,-3,0.0721319
-5.0,-2,0.0330766
-5.0,-1,0.0079645
-5.0,0,0.0008561
-5.0,1,0.0070818
-5.0,2,0.0198253
-5.0,3,0.0397299
-5.0,4,0.0192722
-5.0,5,0.0067340
-5.0,6,0.0146207
-5.0,7,0.0284534
-5.0,8,0.0144837
-5.0,9,0.0123047
-5.0,10,0.0225134
-5.0,11,0.0110164
-5.0,12,0.0039620
-5.0,13,0.0085586
-5.0,14,0.0166589
-5.0,15,0.0083301
-5.0,16,0.0071374
-5.0,17,0.0133855
-5.0,18,0.0063065
-5.0,19,0.0019693
-5.0,20,0.0049174
-5.0,21,0.0101045
-5.0,22,0.0048142
-5.0,23,0.0041405
-5.0,24,0.0082668
-5.0,25,0.0036739
-5.0,26,0.0008747
-5.0,27,0.0028982
-5.0,28,0.0064238
-5.0,29,0.0029109
-5.0,30,0.0025245
-5.0,31,0.0053831
-5.0,32,0.0022785
-5.0,33,0.0003966
-5.0,34,0.0018363
-5.0,35,0.0043182
-5.0,36,0.0018961
-5.0,37,0.0016630
-5.0,38,0.0036991
-5.0,39,0.0016120
-5.0,40,0.0014202
-5.0,41,0.0031897
-5.0,42,0.0013089
-5.0,43,0.0001739
-5.0,44,0.0010850
-5.0,45,0.0026416
-5.0,46,0.0010796
-5.0,47,0.0000774
-5.0,48,0.0000044
-5.0,49,0.0000027
-5.0,50,0.0000020
-5.0,51,0.0000015
-5.0,52,0.0000011
-5.0,53,0.0000008
-5.0,54,0.0000006
-5.0,55,0.0000004
-5.0,56,0.0000003
-5.0,57,0.0000002
-5.0,58,0.0000002
-5.0,59,0.0000001
-5.0,60,0.0000001
-5.0,61,0.0000001
-5.0,62,0.0000000
-5.0,63,0.0000000
-5.0,64,0.0000000
-5.0,65,0.0000000
-5.0,66,0.0000000
-5.0,67,0.0000000
-5.0,68,0.0000000
-5.0,69,0.0000000
-5.0,70,0.0000000
-5.0,71,0.0000000
-5.0,72,0.0000000
-5.0,73,0.0000000
-5.0,74,0.0000000
-4.5,-75,0.0000000
-4.5,-74,0.0000000
-4.5,-73,0.0000000
-4.5,-72,0.0000000
-4.5,-71,0.0000001
-4.5,-70,0.0000001
-4.5,-69,0.0000001
-4.5,-68,0.0000001
-4.5,-67,0.0000002
-4.5,-66,0.0000003
-4.5,-65,0.0000004
-4.5,-64,0.0000005
-4.5,-63,0.0000007
-4.5,-62,0.0000009
-4.5,-61,0.0000012
-4.5,-60,0.0000016
-4.5,-59,0.0000022
-4.5,-58,0.0000029
-4.5,-57,0.0000039
-4.5,-56,0.0000051
-4.5,-55,0.0000068
-4.5,-54,0.0000088
-4.5,-53,0.0000114
-4.5,-52,0.0000148
-4.5,-51,0.0000190
-4.5,-50,0.0000243
-4.5,-49,0.0000308
-4.5,-48,0.0000390
-4.5,-47,0.0000490
-4.5,-46,0.0000626
-4.5,-45,0.0001941
-4.5,-44,0.0018370
-4.5,-43,0.0045187
-4.5,-42,0.0038106
-4.5,-41,0.0050212
-4.5,-40,0.0022909
-4.5,-39,0.0026370
-4.5,-38,0.0058339
-4.5,-37,0.0026171
-4.5,-36,0.0007707
-4.5,-35,0.0033087
-4.5,-34,0.0074693
-4.5,-33,0.0037187
-4.5,-32,0.0043173
-4.5,-31,0.0090889
-4.5,-30,0.0046590
-4.5,-29,0.0054181
-4.5,-28,0.0111404
-4.5,-27,0.0055434
-4.5,-26,0.0023743
-4.5,-25,0.0070923
-4.5,-24,0.0147614
-4.5,-23,0.0079688
-4.5,-22,0.0092936
-4.5,-21,0.0183350
-4.5,-20,0.0094653
-4.5,-19,0.0044383
-4.5,-18,0.0121660
-4.5,-17,0.0247237
-4.5,-16,0.0134233
-4.5,-15,0.0159031
-4.5,-14,0.0313388
-4.5,-13,0.0158213
-4.5,-12,0.0070014
-4.5,-11,0.0213694
-4.5,-10,0.0447788
-4.5,-9,0.0232624
-4.5,-8,0.0301950
-4.5,-7,0.0630611
-4.5,-6,0.0292915
-4.5,-5,0.0094538
-4.5,-4,0.0343101
-4.5,-3,0.0751342
-4.5,-2,0.0341941
-4.5,-1,0.0078804
-4.5,0,0.0008238
-4.5,1,0.0069551
-4.5,2,0.0198491
-4.5,3,0.0399781
-4.5,4,0.0193370
-4.5,5,0.0066873
-4.5,6,0.0146078
-4.5,7,0.0284981
-4.5,8,0.0144989
-4.5,9,0.0123007
-4.5,10,0.0225121
-4.5,11,0.0110284
-4.5,12,0.0039826
-4.5,13,0.0085638
-4.5,14,0.0166349
-4.5,15,0.0083397
-4.5,16,0.0071439
-4.5,17,0.0133528
-4.5,18,0.0063147
-4.5,19,0.0020016
-4.5,20,0.0049220
-4.5,21,0.0100628
-4.5,22,0.0048128
-4.5,23,0.0041378
-4.5,24,0.0082199
-4.5,25,0.0036683
-4.5,26,0.0008930
-4.5,27,0.0028901
-4.5,28,0.0063726
-4.5,29,0.0028966
-4.5,30,0.0025102
-4.5,31,0.0053309
-4.5,32,0.0022626
-4.5,33,0.0004021
-4.5,34,0.0018205
-4.5,35,0.0042673
-4.5,36,0.0018766
-4.5,37,0.0016446
-4.5,38,0.0036507
-4.5,39,0.0015924
-4.5,40,0.0014020
-4.5,41,0.0031445
-4.5,42,0.0012912
-4.5,43,0.0001727
-4.5,44,0.0010692
-4.5,45,0.0026011
-4.5,46,0.0010634
-4.5,47,0.0000768
-4.5,48,0.0000048
-4.5,49,0.0000030
-4.5,50,0.0000023
-4.5,51,0.0000017
-4.5,52,0.0000013
-4.5,53,0.0000009
-4.5,54,0.0000007
-4.5,55,0.0000005
-4.5,56,0.0000004
-4.5,57,0.0000003
-4.5,58,0.0000002
-4.5,59,0.0000001
-4.5,60,0.0000001
-4.5,61,0.0000001
-4.5,62,0.0000001
-4.5,63,0.0000000
-4.5,64,0.0000000
-4.5,65,0.0000000
-4.5,66,0.0000000
-4.5,67,0.0000000
-4.5,68,0.0000000
-4.5,69,0.0000000
-4.5,70,0.0000000
-4.5,71,0.0000000
-4.5,72,0.0000000
-4.5,73,0.0000000
-4.5,74,0.0000000
-4.0,-75,0.0000000
-4.0,-74,0.0000000
-4.0,-73,0.0000000
-4.0,-72,0.0000000
-4.0,-71,0.0000000
-4.0,-70,0.0000001
-4.0,-69,0.0000001
-4.0,-68,0.0000001
-4.0,-67,0.0000002
-4.0,-66,0.0000002
-4.0,-65,0.0000003
-4.0,-64,0.0000004
-4.0,-63,0.0000006
-4.0,-62,0.0000008
-4.0,-61,0.0000011
-4.0,-60,0.0000014
-4.0,-59,0.0000019
-4.0,-58,0.0000026
-4.0,-57,0.0000034
-4.0,-56,0.0000045
-4.0,-55,0.0000059
-4.0,-54,0.0000078
-4.0,-53,0.0000101
-4.0,-52,0.0000131
-4.0,-51,0.0000169
-4.0,-50,0.0000216
-4.0,-49,0.0000275
-4.0,-48,0.0000349
-4.0,-47,0.0000440
-4.0,-46,0.0000565
-4.0,-45,0.0001846
-4.0,-44,0.0017961
-4.0,-43,0.0044272
-4.0,-42,0.0037296
-4.0,-41,0.0049147
-4.0,-40,0.0022337
-4.0,-39,0.0025692
-4.0,-38,0.0057005
-4.0,-37,0.0025445
-4.0,-36,0.0007315
-4.0,-35,0.0032129
-4.0,-34,0.0072828
-4.0,-33,0.0036078
-4.0,-32,0.0041870
-4.0,-31,0.0088492
-4.0,-30,0.0045145
-4.0,-29,0.0052490
-4.0,-28,0.0108335
-4.0,-27,0.0053670
-4.0,-26,0.0022708
-4.0,-25,0.0068660
-4.0,-24,0.0143373
-4.0,-23,0.0077213
-4.0,-22,0.0090019
-4.0,-21,0.0177934
-4.0,-20,0.0091782
-4.0,-19,0.0042972
-4.0,-18,0.0117858
-4.0,-17,0.0239531
-4.0,-16,0.0130229
-4.0,-15,0.0153941
-4.0,-14,0.0302845
-4.0,-13,0.0153455
-4.0,-12,0.0068523
-4.0,-11,0.0205735
-4.0,-10,0.0429275
-4.0,-9,0.0223935
-4.0,-8,0.0286515
-4.0,-7,0.0594402
-4.0,-6,0.0278313
-4.0,-5,0.0095875
-4.0,-4,0.0365990
-4.0,-3,0.0810025
-4.0,-2,0.0365566
-4.0,-1,0.0080003
-4.0,0,0.0008107
-4.0,1,0.0069793
-4.0,2,0.0203370
-4.0,3,0.0411799
-4.0,4,0.0198549
-4.0,5,0.0067866
-4.0,6,0.0149266
-4.0,7,0.0292010
-4.0,8,0.0148448
-4.0,9,0.0125746
-4.0,10,0.0230262
-4.0,11,0.0112903
-4.0,12,0.0040905
-4.0,13,0.0087622
-4.0,14,0.0169903
-4.0,15,0.0085386
-4.0,16,0.0073122
-4.0,17,0.0136245
-4.0,18,0.0064668
-4.0,19,0.0020792
-4.0,20,0.0050389
-4.0,21,0.0102509
-4.0,22,0.0049216
-4.0,23,0.0042298
-4.0,24,0.0083608
-4.0,25,0.0037469
-4.0,26,0.0009325
-4.0,27,0.0029486
-4.0,28,0.0064671
-4.0,29,0.0029489
-4.0,30,0.0025537
-4.0,31,0.0054005
-4.0,32,0.0022987
-4.0,33,0.0004172
-4.0,34,0.0018465
-4.0,35,0.0043137
-4.0,36,0.0019001
-4.0,37,0.0016639
-4.0,38,0.0036853
-4.0,39,0.0016092
-4.0,40,0.0014158
-4.0,41,0.0031707
-4.0,42,0.0013030
-4.0,43,0.0001756
-4.0,44,0.0010777
-4.0,45,0.0026196
-4.0,46,0.0010713
-4.0,47,0.0000780
-4.0,48,0.0000053
-4.0,49,0.0000034
-4.0,50,0.0000026
-4.0,51,0.0000019
-4.0,52,0.0000014
-4.0,53,0.0000011
-4.0,54,0.0000008
-4.0,55,0.0000006
-4.0,56,0.0000004
-4.0,57,0.0000003
-4.0,58,0.0000002
-4.0,59,0.0000002
-4.0,60,0.0000001
-4.0,61,0.0000001
-4.0,62,0.0000001
-4.0,63,0.0000000
-4.0,64,0.0000000
-4.0,65,0.0000000
-4.0,66,0.0000000
-4.0,67,0.0000000
-4.0,68,0.0000000
-4.0,69,0.0000000
-4.0,70,0.0000000
-4.0,71,0.0000000
-4.0,72,0.0000000
-4.0,73,0.0000000
-4.0,74,0.0000000
-3.5,-75,0.0000000
-3.5,-74,0.0000000
-3.5,-73,0.0000000
-3.5,-72,0.0000000
-3.5,-71,0.0000000
-3.5,-70,0.0000001
-3.5,-69,0.0000001
-3.5,-68,0.0000001
-3.5,-67,0.0000001
-3.5,-66,0.0000002
-3.5,-65,0.0000003
-3.5,-64,0.0000004
-3.5,-63,0.0000005
-3.5,-62,0.0000007
-3.5,-61,0.0000009
-3.5,-60,0.0000012
-3.5,-59,0.0000017
-3.5,-58,0.0000022
-3.5,-57,0.0000030
-3.5,-56,0.0000039
-3.5,-55,0.0000052
-3.5,-54,0.0000068
-3.5,-53,0.0000088
-3.5,-52,0.0000115
-3.5,-51,0.0000148
-3.5,-50,0.0000190
-3.5,-49,0.0000243
-3.5,-48,0.0000309
-3.5,-47,0.0000390
-3.5,-46,0.0000504
-3.5,-45,0.0001738
-3.5,-44,0.0017372
-3.5,-43,0.0042903
-3.5,-42,0.0036106
-3.5,-41,0.0047581
-3.5,-40,0.0021546
-3.5,-39,0.0024762
-3.5,-38,0.0055097
-3.5,-37,0.0024474
-3.5,-36,0.0006868
-3.5,-35,0.0030862
-3.5,-34,0.0070237
-3.5,-33,0.0034623
-3.5,-32,0.0040164
-3.5,-31,0.0085218
-3.5,-30,0.0043265
-3.5,-29,0.0050292
-3.5,-28,0.0104198
-3.5,-27,0.0051385
-3.5,-26,0.0021460
-3.5,-25,0.0065729
-3.5,-24,0.0137723
-3.5,-23,0.0073976
-3.5,-22,0.0086219
-3.5,-21,0.0170782
-3.5,-20,0.0087995
-3.5,-19,0.0041105
-3.5,-18,0.0112905
-3.5,-17,0.0229548
-3.5,-16,0.0124941
-3.5,-15,0.0147395
-3.5,-14,0.0289562
-3.5,-13,0.0147221
-3.5,-12,0.0066286
-3.5,-11,0.0196100
-3.5,-10,0.0407563
-3.5,-9,0.0213491
-3.5,-8,0.0269891
-3.5,-7,0.0556477
-3.5,-6,0.0262571
-3.5,-5,0.0096935
-3.5,-4,0.0403177
-3.5,-3,0.0890230
-3.5,-2,0.0397818
-3.5,-1,0.0081557
-3.5,0,0.0007954
-3.5,1,0.0069774
-3.5,2,0.0207932
-3.5,3,0.0423416
-3.5,4,0.0203435
-3.5,5,0.0068629
-3.5,6,0.0152096
-3.5,7,0.0298473
-3.5,8,0.0151571
-3.5,9,0.0128167
-3.5,10,0.0234893
-3.5,11,0.0115247
-3.5,12,0.0041853
-3.5,13,0.0089379
-3.5,14,0.0173057
-3.5,15,0.0087167
-3.5,16,0.0074625
-3.5,17,0.0138640
-3.5,18,0.0066036
-3.5,19,0.0021521
-3.5,20,0.0051440
-3.5,21,0.0104146
-3.5,22,0.0050194
-3.5,23,0.0043124
-3.5,24,0.0084818
-3.5,25,0.0038173
-3.5,26,0.0009708
-3.5,27,0.0030006
-3.5,28,0.0065458
-3.5,29,0.0029947
-3.5,30,0.0025915
-3.5,31,0.0054566
-3.5,32,0.0023295
-3.5,33,0.0004321
-3.5,34,0.0018682
-3.5,35,0.0043491
-3.5,36,0.0019190
-3.5,37,0.0016791
-3.5,38,0.0037103
-3.5,39,0.0016220
-3.5,40,0.0014259
-3.5,41,0.0031884
-3.5,42,0.0013114
-3.5,43,0.0001782
-3.5,44,0.0010834
-3.5,45,0.0026310
-3.5,46,0.0010764
-3.5,47,0.0000790
-3.5,48,0.0000059
-3.5,49,0.0000039
-3.5,50,0.0000029
-3.5,51,0.0000022
-3.5,52,0.0000016
-3.5,53,0.0000012
-3.5,54,0.0000009
-3.5,55,0.0000007
-3.5,56,0.0000005
-3.5,57,0.0000004
-3.5,58,0.0000003
-3.5,59,0.0000002
-3.5,60,0.0000001
-3.5,61,0.0000001
-3.5,62,0.0000001
-3.5,63,0.0000001
-3.5,64,0.0000000
-3.5,65,0.0000000
-3.5,66,0.0000000
-3.5,67,0.0000000
-3.5,68,0.0000000
-3.5,69,0.0000000
-3.5,70,0.0000000
-3.5,71,0.0000000
-3.5,72,0.0000000
-3.5,73,0.0000000
-3.5,74,0.0000000
-3.0,-75,0.0000000
-3.0,-74,0.0000000
-3.0,-73,0.0000000
-3.0,-72,0.0000000
-3.0,-71,0.0000000
-3.0,-70,0.0000000
-3.0,-69,0.0000001
-3.0,-68,0.0000001
-3.0,-67,0.0000001
-3.0,-66,0.0000001
-3.0,-65,0.0000002
-3.0,-64,0.0000003
-3.0,-63,0.0000004
-3.0,-62,0.0000005
-3.0,-61,0.0000007
-3.0,-60,0.0000010
-3.0,-59,0.0000013
-3.0,-58,0.0000017
-3.0,-57,0.0000023
-3.0,-56,0.0000031
-3.0,-55,0.0000041
-3.0,-54,0.0000054
-3.0,-53,0.0000070
-3.0,-52,0.0000091
-3.0,-51,0.0000118
-3.0,-50,0.0000153
-3.0,-49,0.0000195
-3.0,-48,0.0000249
-3.0,-47,0.0000316
-3.0,-46,0.0000409
-3.0,-45,0.0001495
-3.0,-44,0.0015343
-3.0,-43,0.0037959
-3.0,-42,0.0031915
-3.0,-41,0.0042059
-3.0,-40,0.0018978
-3.0,-39,0.0021794
-3.0,-38,0.0048622
-3.0,-37,0.0021496
-3.0,-36,0.0005887
-3.0,-35,0.0027070
-3.0,-34,0.0061849
-3.0,-33,0.0030337
-3.0,-32,0.0035177
-3.0,-31,0.0074927
-3.0,-30,0.0037854
-3.0,-29,0.0043991
-3.0,-28,0.0091497
-3.0,-27,0.0044908
-3.0,-26,0.0018499
-3.0,-25,0.0057436
-3.0,-24,0.0120777
-3.0,-23,0.0064689
-3.0,-22,0.0075376
-3.0,-21,0.0149646
-3.0,-20,0.0076995
-3.0,-19,0.0035857
-3.0,-18,0.0098728
-3.0,-17,0.0200852
-3.0,-16,0.0109413
-3.0,-15,0.0128848
-3.0,-14,0.0252846
-3.0,-13,0.0128946
-3.0,-12,0.0058498
-3.0,-11,0.0170786
-3.0,-10,0.0353673
-3.0,-9,0.0186016
-3.0,-8,0.0232774
-3.0,-7,0.0477211
-3.0,-6,0.0226880
-3.0,-5,0.0092650
-3.0,-4,0.0448908
-3.0,-3,0.1077455
-3.0,-2,0.0500544
-3.0,-1,0.0090269
-3.0,0,0.0008159
-3.0,1,0.0072868
-3.0,2,0.0222474
-3.0,3,0.0455723
-3.0,4,0.0218122
-3.0,5,0.0072511
-3.0,6,0.0162048
-3.0,7,0.0319095
-3.0,8,0.0161824
-3.0,9,0.0136569
-3.0,10,0.0250572
-3.0,11,0.0122984
-3.0,12,0.0044729
-3.0,13,0.0095302
-3.0,14,0.0184313
-3.0,15,0.0093028
-3.0,16,0.0079615
-3.0,17,0.0147514
-3.0,18,0.0070500
-3.0,19,0.0023272
-3.0,20,0.0054904
-3.0,21,0.0110644
-3.0,22,0.0053527
-3.0,23,0.0045973
-3.0,24,0.0089981
-3.0,25,0.0040670
-3.0,26,0.0010565
-3.0,27,0.0031934
-3.0,28,0.0069287
-3.0,29,0.0031806
-3.0,30,0.0027504
-3.0,31,0.0057657
-3.0,32,0.0024691
-3.0,33,0.0004681
-3.0,34,0.0019769
-3.0,35,0.0045852
-3.0,36,0.0020270
-3.0,37,0.0017720
-3.0,38,0.0039061
-3.0,39,0.0017097
-3.0,40,0.0015019
-3.0,41,0.0033525
-3.0,42,0.0013801
-3.0,43,0.0001892
-3.0,44,0.0011388
-3.0,45,0.0027629
-3.0,46,0.0011309
-3.0,47,0.0000837
-3.0,48,0.0000068
-3.0,49,0.0000046
-3.0,50,0.0000034
-3.0,51,0.0000026
-3.0,52,0.0000019
-3.0,53,0.0000014
-3.0,54,0.0000011
-3.0,55,0.0000008
-3.0,56,0.0000006
-3.0,57,0.0000004
-3.0,58,0.0000003
-3.0,59,0.0000002
-3.0,60,0.0000002
-3.0,61,0.0000001
-3.0,62,0.0000001
-3.0,63,0.0000001
-3.0,64,0.0000000
-3.0,65,0.0000000
-3.0,66,0.0000000
-3.0,67,0.0000000
-3.0,68,0.0000000
-3.0,69,0.0000000
-3.0,70,0.0000000
-3.0,71,0.0000000
-3.0,72,0.0000000
-3.0,73,0.0000000
-3.0,74,0.0000000
-2.5,-75,0.0000000
-2.5,-74,0.0000000
-2.5,-73,0.0000000
-2.5,-72,0.0000000
-2.5,-71,0.0000000
-2.5,-70,0.0000000
-2.5,-69,0.0000000
-2.5,-68,0.0000001
-2.5,-67,0.0000001
-2.5,-66,0.0000001
-2.5,-65,0.0000002
-2.5,-64,0.0000002
-2.5,-63,0.0000003
-2.5,-62,0.0000004
-2.5,-61,0.0000006
-2.5,-60,0.0000008
-2.5,-59,0.0000011
-2.5,-58,0.0000015
-2.5,-57,0.0000020
-2.5,-56,0.0000027
-2.5,-55,0.0000035
-2.5,-54,0.0000047
-2.5,-53,0.0000061
-2.5,-52,0.0000080
-2.5,-51,0.0000104
-2.5,-50,0.0000134
-2.5,-49,0.0000172
-2.5,-48,0.0000219
-2.5,-47,0.0000279
-2.5,-46,0.0000363
-2.5,-45,0.0001408
-2.5,-44,0.0014824
-2.5,-43,0.0036737
-2.5,-42,0.0030858
-2.5,-41,0.0040666
-2.5,-40,0.0018287
-2.5,-39,0.0020985
-2.5,-38,0.0046936
-2.5,-37,0.0020656
-2.5,-36,0.0005520
-2.5,-35,0.0025975
-2.5,-34,0.0059575
-2.5,-33,0.0029079
-2.5,-32,0.0033702
-2.5,-31,0.0072061
-2.5,-30,0.0036227
-2.5,-29,0.0042087
-2.5,-28,0.0087880
-2.5,-27,0.0042923
-2.5,-26,0.0017427
-2.5,-25,0.0054886
-2.5,-24,0.0115845
-2.5,-23,0.0061856
-2.5,-22,0.0072059
-2.5,-21,0.0143417
-2.5,-20,0.0073663
-2.5,-19,0.0034176
-2.5,-18,0.0094406
-2.5,-17,0.0192234
-2.5,-16,0.0104776
-2.5,-15,0.0123194
-2.5,-14,0.0241552
-2.5,-13,0.0123524
-2.5,-12,0.0056419
-2.5,-11,0.0162792
-2.5,-10,0.0336016
-2.5,-9,0.0177427
-2.5,-8,0.0220090
-2.5,-7,0.0448817
-2.5,-6,0.0214819
-2.5,-5,0.0085485
-2.5,-4,0.0363649
-2.5,-3,0.0813493
-2.5,-2,0.0452059
-2.5,-1,0.0093317
-2.5,0,0.0009032
-2.5,1,0.0082058
-2.5,2,0.0257148
-2.5,3,0.0530037
-2.5,4,0.0252639
-2.5,5,0.0082624
-2.5,6,0.0186336
-2.5,7,0.0368302
-2.5,8,0.0186473
-2.5,9,0.0157023
-2.5,10,0.0288507
-2.5,11,0.0141617
-2.5,12,0.0051535
-2.5,13,0.0109634
-2.5,14,0.0211852
-2.5,15,0.0107127
-2.5,16,0.0091646
-2.5,17,0.0169391
-2.5,18,0.0081216
-2.5,19,0.0027134
-2.5,20,0.0063236
-2.5,21,0.0126866
-2.5,22,0.0061603
-2.5,23,0.0052895
-2.5,24,0.0103029
-2.5,25,0.0046768
-2.5,26,0.0012405
-2.5,27,0.0036686
-2.5,28,0.0079161
-2.5,29,0.0036464
-2.5,30,0.0031512
-2.5,31,0.0065757
-2.5,32,0.0028251
-2.5,33,0.0005477
-2.5,34,0.0022583
-2.5,35,0.0052177
-2.5,36,0.0023111
-2.5,37,0.0020188
-2.5,38,0.0044382
-2.5,39,0.0019453
-2.5,40,0.0017075
-2.5,41,0.0038045
-2.5,42,0.0015677
-2.5,43,0.0002169
-2.5,44,0.0012920
-2.5,45,0.0031311
-2.5,46,0.0012822
-2.5,47,0.0000959
-2.5,48,0.0000086
-2.5,49,0.0000058
-2.5,50,0.0000044
-2.5,51,0.0000033
-2.5,52,0.0000025
-2.5,53,0.0000019
-2.5,54,0.0000014
-2.5,55,0.0000010
-2.5,56,0.0000007
-2.5,57,0.0000005
-2.5,58,0.0000004
-2.5,59,0.0000003
-2.5,60,0.0000002
-2.5,61,0.0000002
-2.5,62,0.0000001
-2.5,63,0.0000001
-2.5,64,0.0000001
-2.5,65,0.0000000
-2.5,66,0.0000000
-2.5,67,0.0000000
-2.5,68,0.0000000
-2.5,69,0.0000000
-2.5,70,0.0000000
-2.5,71,0.0000000
-2.5,72,0.0000000
-2.5,73,0.0000000
-2.5,74,0.0000000
-2.0,-75,0.0000000
-2.0,-74,0.0000000
-2.0,-73,0.0000000
-2.0,-72,0.0000000
-2.0,-71,0.0000000
-2.0,-70,0.0000000
-2.0,-69,0.0000000
-2.0,-68,0.0000001
-2.0,-67,0.0000001
-2.0,-66,0.0000001
-2.0,-65,0.0000001
-2.0,-64,0.0000002
-2.0,-63,0.0000003
-2.0,-62,0.0000004
-2.0,-61,0.0000005
-2.0,-60,0.0000007
-2.0,-59,0.0000010
-2.0,-58,0.0000013
-2.0,-57,0.0000018
-2.0,-56,0.0000024
-2.0,-55,0.0000031
-2.0,-54,0.0000041
-2.0,-53,0.0000054
-2.0,-52,0.0000071
-2.0,-51,0.0000093
-2.0,-50,0.0000120
-2.0,-49,0.0000154
-2.0,-48,0.0000198
-2.0,-47,0.0000252
-2.0,-46,0.0000330
-2.0,-45,0.0001363
-2.0,-44,0.0014691
-2.0,-43,0.0036464
-2.0,-42,0.0030603
-2.0,-41,0.0040329
-2.0,-40,0.0018076
-2.0,-39,0.0020726
-2.0,-38,0.0046472
-2.0,-37,0.0020361
-2.0,-36,0.0005309
-2.0,-35,0.0025567
-2.0,-34,0.0058857
-2.0,-33,0.0028590
-2.0,-32,0.0033118
-2.0,-31,0.0071082
-2.0,-30,0.0035558
-2.0,-29,0.0041296
-2.0,-28,0.0086568
-2.0,-27,0.0042070
-2.0,-26,0.0016822
-2.0,-25,0.0053783
-2.0,-24,0.0113952
-2.0,-23,0.0060646
-2.0,-22,0.0070635
-2.0,-21,0.0140956
-2.0,-20,0.0072254
-2.0,-19,0.0033370
-2.0,-18,0.0092562
-2.0,-17,0.0188698
-2.0,-16,0.0102876
-2.0,-15,0.0120794
-2.0,-14,0.0236717
-2.0,-13,0.0121343
-2.0,-12,0.0055759
-2.0,-11,0.0159224
-2.0,-10,0.0327680
-2.0,-9,0.0173680
-2.0,-8,0.0213812
-2.0,-7,0.0433871
-2.0,-6,0.0209037
-2.0,-5,0.0083619
-2.0,-4,0.0334059
-2.0,-3,0.0739947
-2.0,-2,0.0370740
-2.0,-1,0.0092274
-2.0,0,0.0009203
-2.0,1,0.0085016
-2.0,2,0.0274006
-2.0,3,0.0568471
-2.0,4,0.0269748
-2.0,5,0.0086632
-2.0,6,0.0197303
-2.0,7,0.0391573
-2.0,8,0.0197871
-2.0,9,0.0166208
-2.0,10,0.0305901
-2.0,11,0.0150127
-2.0,12,0.0054612
-2.0,13,0.0116088
-2.0,14,0.0224207
-2.0,15,0.0113564
-2.0,16,0.0097109
-2.0,17,0.0179095
-2.0,18,0.0086131
-2.0,19,0.0029104
-2.0,20,0.0067050
-2.0,21,0.0133942
-2.0,22,0.0065278
-2.0,23,0.0056035
-2.0,24,0.0108629
-2.0,25,0.0049522
-2.0,26,0.0013406
-2.0,27,0.0038810
-2.0,28,0.0083283
-2.0,29,0.0038500
-2.0,30,0.0033249
-2.0,31,0.0069060
-2.0,32,0.0029770
-2.0,33,0.0005903
-2.0,34,0.0023759
-2.0,35,0.0054673
-2.0,36,0.0024267
-2.0,37,0.0021180
-2.0,38,0.0046435
-2.0,39,0.0020382
-2.0,40,0.0017876
-2.0,41,0.0039753
-2.0,42,0.0016399
-2.0,43,0.0002292
-2.0,44,0.0013497
-2.0,45,0.0032672
-2.0,46,0.0013387
-2.0,47,0.0001011
-2.0,48,0.0000099
-2.0,49,0.0000068
-2.0,50,0.0000051
-2.0,51,0.0000039
-2.0,52,0.0000029
-2.0,53,0.0000022
-2.0,54,0.0000016
-2.0,55,0.0000012
-2.0,56,0.0000009
-2.0,57,0.0000007
-2.0,58,0.0000005
-2.0,59,0.0000003
-2.0,60,0.0000003
-2.0,61,0.0000002
-2.0,62,0.0000001
-2.0,63,0.0000001
-2.0,64,0.0000001
-2.0,65,0.0000000
-2.0,66,0.0000000
-2.0,67,0.0000000
-2.0,68,0.0000000
-2.0,69,0.0000000
-2.0,70,0.0000000
-2.0,71,0.0000000
-2.0,72,0.0000000
-2.0,73,0.0000000
-2.0,74,0.0000000
-1.5,-75,0.0000000
-1.5,-74,0.0000000
-1.5,-73,0.0000000
-1.5,-72,0.0000000
-1.5,-71,0.0000000
-1.5,-70,0.0000000
-1.5,-69,0.0000000
-1.5,-68,0.0000000
-1.5,-67,0.0000001
-1.5,-66,0.0000001
-1.5,-65,0.0000001
-1.5,-64,0.0000002
-1.5,-63,0.0000002
-1.5,-62,0.0000003
-1.5,-61,0.0000005
-1.5,-60,0.0000006
-1.5,-59,0.0000009
-1.5,-58,0.0000012
-1.5,-57,0.0000016
-1.5,-56,0.0000021
-1.5,-55,0.0000028
-1.5,-54,0.0000037
-1.5,-53,0.0000049
-1.5,-52,0.0000064
-1.5,-51,0.0000083
-1.5,-50,0.0000108
-1.5,-49,0.0000139
-1.5,-48,0.0000179
-1.5,-47,0.0000229
-1.5,-46,0.0000301
-1.5,-45,0.0001326
-1.5,-44,0.0014626
-1.5,-43,0.0036358
-1.5,-42,0.0030487
-1.5,-41,0.0040176
-1.5,-40,0.0017952
-1.5,-39,0.0020567
-1.5,-38,0.0046223
-1.5,-37,0.0020164
-1.5,-36,0.0005131
-1.5,-35,0.0025283
-1.5,-34,0.0058415
-1.5,-33,0.0028240
-1.5,-32,0.0032695
-1.5,-31,0.0070436
-1.5,-30,0.0035059
-1.5,-29,0.0040703
-1.5,-28,0.0085660
-1.5,-27,0.0041416
-1.5,-26,0.0016298
-1.5,-25,0.0052932
-1.5,-24,0.0112591
-1.5,-23,0.0059712
-1.5,-22,0.0069535
-1.5,-21,0.0139153
-1.5,-20,0.0071166
-1.5,-19,0.0032694
-1.5,-18,0.0091140
-1.5,-17,0.0186061
-1.5,-16,0.0101438
-1.5,-15,0.0118960
-1.5,-14,0.0233060
-1.5,-13,0.0119718
-1.5,-12,0.0055303
-1.5,-11,0.0156494
-1.5,-10,0.0321213
-1.5,-9,0.0170866
-1.5,-8,0.0208957
-1.5,-7,0.0422083
-1.5,-6,0.0204649
-1.5,-5,0.0082680
-1.5,-4,0.0314622
-1.5,-3,0.0691061
-1.5,-2,0.0315407
-1.5,-1,0.0090092
-1.5,0,0.0009192
-1.5,1,0.0086290
-1.5,2,0.0286656
-1.5,3,0.0598768
-1.5,4,0.0282759
-1.5,5,0.0089002
-1.5,6,0.0204840
-1.5,7,0.0408321
-1.5,8,0.0205875
-1.5,9,0.0172450
-1.5,10,0.0318012
-1.5,11,0.0155999
-1.5,12,0.0056672
-1.5,13,0.0120465
-1.5,14,0.0232614
-1.5,15,0.0117992
-1.5,16,0.0100846
-1.5,17,0.0185626
-1.5,18,0.0089529
-1.5,19,0.0030574
-1.5,20,0.0069682
-1.5,21,0.0138634
-1.5,22,0.0067807
-1.5,23,0.0058191
-1.5,24,0.0112288
-1.5,25,0.0051409
-1.5,26,0.0014197
-1.5,27,0.0040254
-1.5,28,0.0085906
-1.5,29,0.0039856
-1.5,30,0.0034399
-1.5,31,0.0071110
-1.5,32,0.0030760
-1.5,33,0.0006240
-1.5,34,0.0024511
-1.5,35,0.0056167
-1.5,36,0.0024984
-1.5,37,0.0021789
-1.5,38,0.0047630
-1.5,39,0.0020938
-1.5,40,0.0018350
-1.5,41,0.0040722
-1.5,42,0.0016818
-1.5,43,0.0002377
-1.5,44,0.0013823
-1.5,45,0.0033420
-1.5,46,0.0013701
-1.5,47,0.0001047
-1.5,48,0.0000111
-1.5,49,0.0000077
-1.5,50,0.0000059
-1.5,51,0.0000045
-1.5,52,0.0000034
-1.5,53,0.0000025
-1.5,54,0.0000019
-1.5,55,0.0000014
-1.5,56,0.0000010
-1.5,57,0.0000008
-1.5,58,0.0000006
-1.5,59,0.0000004
-1.5,60,0.0000003
-1.5,61,0.0000002
-1.5,62,0.0000002
-1.5,63,0.0000001
-1.5,64,0.0000001
-1.5,65,0.0000001
-1.5,66,0.0000000
-1.5,67,0.0000000
-1.5,68,0.0000000
-1.5,69,0.0000000
-1.5,70,0.0000000
-1.5,71,0.0000000
-1.5,72,0.0000000
-1.5,73,0.0000000
-1.5,74,0.0000000
-1.0,-75,0.0000000
-1.0,-74,0.0000000
-1.0,-73,0.0000000
-1.0,-72,0.0000000
-1.0,-71,0.0000000
-1.0,-70,0.0000000
-1.0,-69,0.0000000
-1.0,-68,0.0000000
-1.0,-67,0.0000001
-1.0,-66,0.0000001
-1.0,-65,0.0000001
-1.0,-64,0.0000002
-1.0,-63,0.0000002
-1.0,-62,0.0000003
-1.0,-61,0.0000004
-1.0,-60,0.0000006
-1.0,-59,0.0000008
-1.0,-58,0.0000010
-1.0,-57,0.0000014
-1.0,-56,0.0000019
-1.0,-55,0.0000025
-1.0,-54,0.0000033
-1.0,-53,0.0000044
-1.0,-52,0.0000058
-1.0,-51,0.0000076
-1.0,-50,0.0000099
-1.0,-49,0.0000128
-1.0,-48,0.0000165
-1.0,-47,0.0000211
-1.0,-46,0.0000280
-1.0,-45,0.0001314
-1.0,-44,0.0014822
-1.0,-43,0.0036896
-1.0,-42,0.0030913
-1.0,-41,0.0040736
-1.0,-40,0.0018149
-1.0,-39,0.0020776
-1.0,-38,0.0046796
-1.0,-37,0.0020329
-1.0,-36,0.0005049
-1.0,-35,0.0025451
-1.0,-34,0.0059010
-1.0,-33,0.0028394
-1.0,-32,0.0032855
-1.0,-31,0.0071040
-1.0,-30,0.0035184
-1.0,-29,0.0040832
-1.0,-28,0.0086269
-1.0,-27,0.0041493
-1.0,-26,0.0016058
-1.0,-25,0.0053013
-1.0,-24,0.0113218
-1.0,-23,0.0059824
-1.0,-22,0.0069654
-1.0,-21,0.0139804
-1.0,-20,0.0071316
-1.0,-19,0.0032564
-1.0,-18,0.0091309
-1.0,-17,0.0186716
-1.0,-16,0.0101766
-1.0,-15,0.0119217
-1.0,-14,0.0233564
-1.0,-13,0.0120188
-1.0,-12,0.0055771
-1.0,-11,0.0156587
-1.0,-10,0.0320659
-1.0,-9,0.0171152
-1.0,-8,0.0208089
-1.0,-7,0.0418557
-1.0,-6,0.0204173
-1.0,-5,0.0083456
-1.0,-4,0.0304904
-1.0,-3,0.0664673
-1.0,-2,0.0306035
-1.0,-1,0.0080479
-1.0,0,0.0008912
-1.0,1,0.0084999
-1.0,2,0.0291738
-1.0,3,0.0613713
-1.0,4,0.0288324
-1.0,5,0.0088752
-1.0,6,0.0206554
-1.0,7,0.0413679
-1.0,8,0.0208049
-1.0,9,0.0173725
-1.0,10,0.0321082
-1.0,11,0.0157386
-1.0,12,0.0057044
-1.0,13,0.0121345
-1.0,14,0.0234341
-1.0,15,0.0119014
-1.0,16,0.0101662
-1.0,17,0.0186813
-1.0,18,0.0090344
-1.0,19,0.0031155
-1.0,20,0.0070303
-1.0,21,0.0139331
-1.0,22,0.0068387
-1.0,23,0.0058675
-1.0,24,0.0112710
-1.0,25,0.0051822
-1.0,26,0.0014591
-1.0,27,0.0040546
-1.0,28,0.0086050
-1.0,29,0.0040070
-1.0,30,0.0034564
-1.0,31,0.0071106
-1.0,32,0.0030869
-1.0,33,0.0006407
-1.0,34,0.0024559
-1.0,35,0.0056034
-1.0,36,0.0024983
-1.0,37,0.0021769
-1.0,38,0.0047442
-1.0,39,0.0020890
-1.0,40,0.0018293
-1.0,41,0.0040506
-1.0,42,0.0016749
-1.0,43,0.0002395
-1.0,44,0.0013749
-1.0,45,0.0033194
-1.0,46,0.0013617
-1.0,47,0.0001054
-1.0,48,0.0000122
-1.0,49,0.0000086
-1.0,50,0.0000065
-1.0,51,0.0000050
-1.0,52,0.0000038
-1.0,53,0.0000028
-1.0,54,0.0000021
-1.0,55,0.0000016
-1.0,56,0.0000012
-1.0,57,0.0000009
-1.0,58,0.0000006
-1.0,59,0.0000005
-1.0,60,0.0000003
-1.0,61,0.0000002
-1.0,62,0.0000002
-1.0,63,0.0000001
-1.0,64,0.0000001
-1.0,65,0.0000001
-1.0,66,0.0000000
-1.0,67,0.0000000
-1.0,68,0.0000000
-1.0,69,0.0000000
-1.0,70,0.0000000
-1.0,71,0.0000000
-1.0,72,0.0000000
-1.0,73,0.0000000
-1.0,74,0.0000000
0.0,-75,0.0000000
0.0,-74,0.0000000
0.0,-73,0.0000000
0.0,-72,0.0000000
0.0,-71,0.0000000
0.0,-70,0.0000000
0.0,-69,0.0000000
0.0,-68,0.0000000
0.0,-67,0.0000000
0.0,-66,0.0000001
0.0,-65,0.0000001
0.0,-64,0.0000001
0.0,-63,0.0000002
0.0,-62,0.0000002
0.0,-61,0.0000003
0.0,-60,0.0000004
0.0,-59,0.0000006
0.0,-58,0.0000008
0.0,-57,0.0000011
0.0,-56,0.0000015
0.0,-55,0.0000020
0.0,-54,0.0000027
0.0,-53,0.0000036
0.0,-52,0.0000048
0.0,-51,0.0000063
0.0,-50,0.0000082
0.0,-49,0.0000107
0.0,-48,0.0000139
0.0,-47,0.0000178
0.0,-46,0.0000240
0.0,-45,0.0001297
0.0,-44,0.0015241
0.0,-43,0.0038032
0.0,-42,0.0031817
0.0,-41,0.0041921
0.0,-40,0.0018575
0.0,-39,0.0021230
0.0,-38,0.0048014
0.0,-37,0.0020696
0.0,-36,0.0004899
0.0,-35,0.0025830
0.0,-34,0.0060288
0.0,-33,0.0028745
0.0,-32,0.0033220
0.0,-31,0.0072342
0.0,-30,0.0035476
0.0,-29,0.0041135
0.0,-28,0.0087589
0.0,-27,0.0041680
0.0,-26,0.0015566
0.0,-25,0.0053205
0.0,-24,0.0114576
0.0,-23,0.0060065
0.0,-22,0.0069914
0.0,-21,0.0141220
0.0,-20,0.0071613
0.0,-19,0.0032231
0.0,-18,0.0091660
0.0,-17,0.0188186
0.0,-16,0.0102423
0.0,-15,0.0119776
0.0,-14,0.0234844
0.0,-13,0.0121153
0.0,-12,0.0056600
0.0,-11,0.0156994
0.0,-10,0.0320303
0.0,-9,0.0172012
0.0,-8,0.0207116
0.0,-7,0.0413508
0.0,-6,0.0203998
0.0,-5,0.0085459
0.0,-4,0.0292185
0.0,-3,0.0628456
0.0,-2,0.0294070
0.0,-1,0.0079564
0.0,0,0.0008565
0.0,1,0.0079750
0.0,2,0.0294759
0.0,3,0.0629928
0.0,4,0.0292869
0.0,5,0.0085659
0.0,6,0.0204476
0.0,7,0.0414477
0.0,8,0.0207601
0.0,9,0.0172415
0.0,10,0.0321054
0.0,11,0.0157362
0.0,12,0.0056733
0.0,13,0.0121437
0.0,14,0.0235394
0.0,15,0.0120057
0.0,16,0.0102663
0.0,17,0.0188626
0.0,18,0.0091874
0.0,19,0.0032306
0.0,20,0.0071781
0.0,21,0.0141551
0.0,22,0.0070078
0.0,23,0.0060206
0.0,24,0.0114844
0.0,25,0.0053330
0.0,26,0.0015603
0.0,27,0.0041778
0.0,28,0.0087794
0.0,29,0.0041232
0.0,30,0.0035559
0.0,31,0.0072494
0.0,32,0.0031729
0.0,33,0.0006900
0.0,34,0.0025196
0.0,35,0.0056991
0.0,36,0.0025545
0.0,37,0.0022231
0.0,38,0.0048143
0.0,39,0.0021280
0.0,40,0.0018607
0.0,41,0.0041011
0.0,42,0.0017007
0.0,43,0.0002495
0.0,44,0.0013924
0.0,45,0.0033517
0.0,46,0.0013771
0.0,47,0.0001096
0.0,48,0.0000149
0.0,49,0.0000107
0.0,50,0.0000082
0.0,51,0.0000063
0.0,52,0.0000048
0.0,53,0.0000036
0.0,54,0.0000027
0.0,55,0.0000020
0.0,56,0.0000015
0.0,57,0.0000011
0.0,58,0.0000008
0.0,59,0.0000006
0.0,60,0.0000004
0.0,61,0.0000003
0.0,62,0.0000002
0.0,63,0.0000002
0.0,64,0.0000001
0.0,65,0.0000001
0.0,66,0.0000001
0.0,67,0.0000000
0.0,68,0.0000000
0.0,69,0.0000000
0.0,70,0.0000000
0.0,71,0.0000000
0.0,72,0.0000000
0.0,73,0.0000000
0.0,74,0.0000000
1.0,-75,0.0000000
1.0,-74,0.0000000
1.0,-73,0.0000000
1.0,-72,0.0000000
1.0,-71,0.0000000
1.0,-70,0.0000000
1.0,-69,0.0000000
1.0,-68,0.0000000
1.0,-67,0.0000000
1.0,-66,0.0000000
1.0,-65,0.0000001
1.0,-64,0.0000001
1.0,-63,0.0000001
1.0,-62,0.0000002
1.0,-61,0.0000002
1.0,-60,0.0000003
1.0,-59,0.0000005
1.0,-58,0.0000006
1.0,-57,0.0000009
1.0,-56,0.0000012
1.0,-55,0.0000016
1.0,-54,0.0000021
1.0,-53,0.0000028
1.0,-52,0.0000038
1.0,-51,0.0000050
1.0,-50,0.0000065
1.0,-49,0.0000085
1.0,-48,0.0000111
1.0,-47,0.0000144
1.0,-46,0.0000197
1.0,-45,0.0001235
1.0,-44,0.0015043
1.0,-43,0.0037619
1.0,-42,0.0031430
1.0,-41,0.0041409
1.0,-40,0.0018261
1.0,-39,0.0020842
1.0,-38,0.0047316
1.0,-37,0.0020253
1.0,-36,0.0004577
1.0,-35,0.0025213
1.0,-34,0.0059236
1.0,-33,0.0028010
1.0,-32,0.0032346
1.0,-31,0.0070959
1.0,-30,0.0034484
1.0,-29,0.0039977
1.0,-28,0.0085851
1.0,-27,0.0040452
1.0,-26,0.0014557
1.0,-25,0.0051702
1.0,-24,0.0112449
1.0,-23,0.0058539
1.0,-22,0.0068229
1.0,-21,0.0139008
1.0,-20,0.0070140
1.0,-19,0.0031083
1.0,-18,0.0090135
1.0,-17,0.0186380
1.0,-16,0.0101426
1.0,-15,0.0118738
1.0,-14,0.0233798
1.0,-13,0.0121063
1.0,-12,0.0056911
1.0,-11,0.0157021
1.0,-10,0.0320337
1.0,-9,0.0173322
1.0,-8,0.0207566
1.0,-7,0.0412720
1.0,-6,0.0206075
1.0,-5,0.0088546
1.0,-4,0.0287656
1.0,-3,0.0612290
1.0,-2,0.0291062
1.0,-1,0.0084802
1.0,0,0.0008892
1.0,1,0.0080489
1.0,2,0.0306742
1.0,3,0.0666209
1.0,4,0.0305609
1.0,5,0.0083649
1.0,6,0.0204644
1.0,7,0.0419524
1.0,8,0.0208570
1.0,9,0.0171547
1.0,10,0.0321400
1.0,11,0.0156949
1.0,12,0.0055900
1.0,13,0.0120466
1.0,14,0.0234104
1.0,15,0.0119492
1.0,16,0.0102001
1.0,17,0.0187148
1.0,18,0.0091520
1.0,19,0.0032639
1.0,20,0.0071481
1.0,21,0.0140127
1.0,22,0.0069815
1.0,23,0.0059962
1.0,24,0.0113479
1.0,25,0.0053135
1.0,26,0.0016095
1.0,27,0.0041589
1.0,28,0.0086469
1.0,29,0.0040926
1.0,30,0.0035265
1.0,31,0.0071186
1.0,32,0.0031405
1.0,33,0.0007151
1.0,34,0.0024872
1.0,35,0.0055720
1.0,36,0.0025113
1.0,37,0.0021821
1.0,38,0.0046920
1.0,39,0.0020824
1.0,40,0.0018180
1.0,41,0.0039854
1.0,42,0.0016580
1.0,43,0.0002502
1.0,44,0.0013536
1.0,45,0.0032467
1.0,46,0.0013363
1.0,47,0.0001098
1.0,48,0.0000175
1.0,49,0.0000128
1.0,50,0.0000099
1.0,51,0.0000076
1.0,52,0.0000058
1.0,53,0.0000044
1.0,54,0.0000033
1.0,55,0.0000025
1.0,56,0.0000019
1.0,57,0.0000014
1.0,58,0.0000010
1.0,59,0.0000008
1.0,60,0.0000006
1.0,61,0.0000004
1.0,62,0.0000003
1.0,63,0.0000002
1.0,64,0.0000002
1.0,65,0.0000001
1.0,66,0.0000001
1.0,67,0.0000001
1.0,68,0.0000000
1.0,69,0.0000000
1.0,70,0.0000000
1.0,71,0.0000000
1.0,72,0.0000000
1.0,73,0.0000000
1.0,74,0.0000000
1.5,-75,0.0000000
1.5,-74,0.0000000
1.5,-73,0.0000000
1.5,-72,0.0000000
1.5,-71,0.0000000
1.5,-70,0.0000000
1.5,-69,0.0000000
1.5,-68,0.0000000
1.5,-67,0.0000000
1.5,-66,0.0000000
1.5,-65,0.0000001
1.5,-64,0.0000001
1.5,-63,0.0000001
1.5,-62,0.0000002
1.5,-61,0.0000002
1.5,-60,0.0000003
1.5,-59,0.0000004
1.5,-58,0.0000006
1.5,-57,0.0000008
1.5,-56,0.0000010
1.5,-55,0.0000014
1.5,-54,0.0000019
1.5,-53,0.0000025
1.5,-52,0.0000034
1.5,-51,0.0000045
1.5,-50,0.0000059
1.5,-49,0.0000077
1.5,-48,0.0000101
1.5,-47,0.0000131
1.5,-46,0.0000180
1.5,-45,0.0001221
1.5,-44,0.0015122
1.5,-43,0.0037851
1.5,-42,0.0031603
1.5,-41,0.0041633
1.5,-40,0.0018319
1.5,-39,0.0020890
1.5,-38,0.0047504
1.5,-37,0.0020266
1.5,-36,0.0004476
1.5,-35,0.0025187
1.5,-34,0.0059344
1.5,-33,0.0027944
1.5,-32,0.0032245
1.5,-31,0.0070964
1.5,-30,0.0034320
1.5,-29,0.0039764
1.5,-28,0.0085708
1.5,-27,0.0040162
1.5,-26,0.0014164
1.5,-25,0.0051290
1.5,-24,0.0112029
1.5,-23,0.0058057
1.5,-22,0.0067651
1.5,-21,0.0138315
1.5,-20,0.0069521
1.5,-19,0.0030503
1.5,-18,0.0089323
1.5,-17,0.0185199
1.5,-16,0.0100614
1.5,-15,0.0117721
1.5,-14,0.0232079
1.5,-13,0.0120188
1.5,-12,0.0056542
1.5,-11,0.0155640
1.5,-10,0.0317281
1.5,-9,0.0172053
1.5,-8,0.0205401
1.5,-7,0.0407382
1.5,-6,0.0204369
1.5,-5,0.0088797
1.5,-4,0.0282108
1.5,-3,0.0597390
1.5,-2,0.0285996
1.5,-1,0.0086091
1.5,0,0.0009170
1.5,1,0.0089885
1.5,2,0.0316123
1.5,3,0.0692630
1.5,4,0.0315336
1.5,5,0.0082868
1.5,6,0.0205113
1.5,7,0.0423041
1.5,8,0.0209431
1.5,9,0.0171254
1.5,10,0.0321942
1.5,11,0.0156849
1.5,12,0.0055428
1.5,13,0.0119990
1.5,14,0.0233589
1.5,15,0.0119230
1.5,16,0.0101668
1.5,17,0.0186483
1.5,18,0.0091347
1.5,19,0.0032768
1.5,20,0.0071328
1.5,21,0.0139469
1.5,22,0.0069693
1.5,23,0.0059848
1.5,24,0.0112846
1.5,25,0.0053052
1.5,26,0.0016335
1.5,27,0.0041510
1.5,28,0.0085854
1.5,29,0.0040795
1.5,30,0.0035139
1.5,31,0.0070579
1.5,32,0.0031265
1.5,33,0.0007283
1.5,34,0.0024729
1.5,35,0.0055125
1.5,36,0.0024917
1.5,37,0.0021635
1.5,38,0.0046344
1.5,39,0.0020614
1.5,40,0.0017982
1.5,41,0.0039307
1.5,42,0.0016382
1.5,43,0.0002511
1.5,44,0.0013354
1.5,45,0.0031967
1.5,46,0.0013170
1.5,47,0.0001101
1.5,48,0.0000189
1.5,49,0.0000140
1.5,50,0.0000108
1.5,51,0.0000083
1.5,52,0.0000064
1.5,53,0.0000049
1.5,54,0.0000037
1.5,55,0.0000028
1.5,56,0.0000021
1.5,57,0.0000016
1.5,58,0.0000012
1.5,59,0.0000009
1.5,60,0.0000006
1.5,61,0.0000005
1.5,62,0.0000003
1.5,63,0.0000002
1.5,64,0.0000002
1.5,65,0.0000001
1.5,66,0.0000001
1.5,67,0.0000001
1.5,68,0.0000000
1.5,69,0.0000000
1.5,70,0.0000000
1.5,71,0.0000000
1.5,72,0.0000000
1.5,73,0.0000000
1.5,74,0.0000000
2.0,-75,0.0000000
2.0,-74,0.0000000
2.0,-73,0.0000000
2.0,-72,0.0000000
2.0,-71,0.0000000
2.0,-70,0.0000000
2.0,-69,0.0000000
2.0,-68,0.0000000
2.0,-67,0.0000000
2.0,-66,0.0000000
2.0,-65,0.0000000
2.0,-64,0.0000001
2.0,-63,0.0000001
2.0,-62,0.0000001
2.0,-61,0.0000002
2.0,-60,0.0000003
2.0,-59,0.0000003
2.0,-58,0.0000005
2.0,-57,0.0000007
2.0,-56,0.0000009
2.0,-55,0.0000012
2.0,-54,0.0000016
2.0,-53,0.0000022
2.0,-52,0.0000029
2.0,-51,0.0000039
2.0,-50,0.0000051
2.0,-49,0.0000067
2.0,-48,0.0000088
2.0,-47,0.0000115
2.0,-46,0.0000160
2.0,-45,0.0001173
2.0,-44,0.0014761
2.0,-43,0.0036978
2.0,-42,0.0030855
2.0,-41,0.0040643
2.0,-40,0.0017845
2.0,-39,0.0020334
2.0,-38,0.0046311
2.0,-37,0.0019693
2.0,-36,0.0004254
2.0,-35,0.0024436
2.0,-34,0.0057731
2.0,-33,0.0027074
2.0,-32,0.0031218
2.0,-31,0.0068916
2.0,-30,0.0033172
2.0,-29,0.0038410
2.0,-28,0.0083089
2.0,-27,0.0038720
2.0,-26,0.0013375
2.0,-25,0.0049406
2.0,-24,0.0108376
2.0,-23,0.0055904
2.0,-22,0.0065126
2.0,-21,0.0133630
2.0,-20,0.0066893
2.0,-19,0.0029036
2.0,-18,0.0085930
2.0,-17,0.0178677
2.0,-16,0.0096883
2.0,-15,0.0113299
2.0,-14,0.0223684
2.0,-13,0.0115817
2.0,-12,0.0054484
2.0,-11,0.0149777
2.0,-10,0.0305187
2.0,-9,0.0165821
2.0,-8,0.0197410
2.0,-7,0.0390660
2.0,-6,0.0196843
2.0,-5,0.0086430
2.0,-4,0.0269119
2.0,-3,0.0567146
2.0,-2,0.0273367
2.0,-1,0.0084818
2.0,0,0.0009182
2.0,1,0.0092059
2.0,2,0.0370838
2.0,3,0.0741698
2.0,4,0.0334849
2.0,5,0.0083817
2.0,6,0.0209531
2.0,7,0.0434897
2.0,8,0.0214318
2.0,9,0.0174091
2.0,10,0.0328455
2.0,11,0.0159601
2.0,12,0.0055891
2.0,13,0.0121631
2.0,14,0.0237278
2.0,15,0.0121080
2.0,16,0.0103120
2.0,17,0.0189145
2.0,18,0.0092781
2.0,19,0.0033449
2.0,20,0.0072425
2.0,21,0.0141290
2.0,22,0.0070802
2.0,23,0.0060789
2.0,24,0.0114222
2.0,25,0.0053911
2.0,26,0.0016862
2.0,27,0.0042170
2.0,28,0.0086773
2.0,29,0.0041394
2.0,30,0.0035642
2.0,31,0.0071233
2.0,32,0.0031686
2.0,33,0.0007550
2.0,34,0.0025032
2.0,35,0.0055518
2.0,36,0.0025171
2.0,37,0.0021839
2.0,38,0.0046599
2.0,39,0.0020775
2.0,40,0.0018108
2.0,41,0.0039462
2.0,42,0.0016478
2.0,43,0.0002567
2.0,44,0.0013412
2.0,45,0.0032039
2.0,46,0.0013214
2.0,47,0.0001126
2.0,48,0.0000208
2.0,49,0.0000155
2.0,50,0.0000120
2.0,51,0.0000093
2.0,52,0.0000071
2.0,53,0.0000055
2.0,54,0.0000041
2.0,55,0.0000031
2.0,56,0.0000024
2.0,57,0.0000018
2.0,58,0.0000013
2.0,59,0.0000010
2.0,60,0.0000007
2.0,61,0.0000005
2.0,62,0.0000004
2.0,63,0.0000003
2.0,64,0.0000002
2.0,65,0.0000001
2.0,66,0.0000001
2.0,67,0.0000001
2.0,68,0.0000001
2.0,69,0.0000000
2.0,70,0.0000000
2.0,71,0.0000000
2.0,72,0.0000000
2.0,73,0.0000000
2.0,74,0.0000000
2.5,-75,0.0000000
2.5,-74,0.0000000
2.5,-73,0.0000000
2.5,-72,0.0000000
2.5,-71,0.0000000
2.5,-70,0.0000000
2.5,-69,0.0000000
2.5,-68,0.0000000
2.5,-67,0.0000000
2.5,-66,0.0000000
2.5,-65,0.0000000
2.5,-64,0.0000001
2.5,-63,0.0000001
2.5,-62,0.0000001
2.5,-61,0.0000002
2.5,-60,0.0000002
2.5,-59,0.0000003
2.5,-58,0.0000004
2.5,-57,0.0000005
2.5,-56,0.0000007
2.5,-55,0.0000010
2.5,-54,0.0000014
2.5,-53,0.0000018
2.5,-52,0.0000025
2.5,-51,0.0000033
2.5,-50,0.0000044
2.5,-49,0.0000058
2.5,-48,0.0000076
2.5,-47,0.0000099
2.5,-46,0.0000139
2.5,-45,0.0001107
2.5,-44,0.0014129
2.5,-43,0.0035423
2.5,-42,0.0029540
2.5,-41,0.0038906
2.5,-40,0.0017049
2.5,-39,0.0019411
2.5,-38,0.0044272
2.5,-37,0.0018769
2.5,-36,0.0003967
2.5,-35,0.0023251
2.5,-34,0.0055076
2.5,-33,0.0025727
2.5,-32,0.0029642
2.5,-31,0.0065633
2.5,-30,0.0031445
2.5,-29,0.0036387
2.5,-28,0.0078992
2.5,-27,0.0036608
2.5,-26,0.0012379
2.5,-25,0.0046668
2.5,-24,0.0102810
2.5,-23,0.0052782
2.5,-22,0.0061472
2.5,-21,0.0126595
2.5,-20,0.0063101
2.5,-19,0.0027077
2.5,-18,0.0081043
2.5,-17,0.0169030
2.5,-16,0.0091451
2.5,-15,0.0106899
2.5,-14,0.0211400
2.5,-13,0.0109400
2.5,-12,0.0051425
2.5,-11,0.0141315
2.5,-10,0.0287893
2.5,-9,0.0156688
2.5,-8,0.0186075
2.5,-7,0.0367518
2.5,-6,0.0185939
2.5,-5,0.0082448
2.5,-4,0.0252101
2.5,-3,0.0528908
2.5,-2,0.0256601
2.5,-1,0.0081883
2.5,0,0.0009012
2.5,1,0.0093118
2.5,2,0.0451096
2.5,3,0.0815378
2.5,4,0.0364492
2.5,5,0.0085683
2.5,6,0.0215317
2.5,7,0.0449857
2.5,8,0.0220600
2.5,9,0.0177838
2.5,10,0.0336795
2.5,11,0.0163170
2.5,12,0.0056550
2.5,13,0.0123810
2.5,14,0.0242112
2.5,15,0.0123480
2.5,16,0.0105018
2.5,17,0.0192679
2.5,18,0.0094625
2.5,19,0.0034255
2.5,20,0.0073834
2.5,21,0.0143749
2.5,22,0.0072226
2.5,23,0.0061999
2.5,24,0.0116113
2.5,25,0.0055013
2.5,26,0.0017467
2.5,27,0.0043022
2.5,28,0.0088084
2.5,29,0.0042184
2.5,30,0.0036311
2.5,31,0.0072211
2.5,32,0.0032256
2.5,33,0.0007859
2.5,34,0.0025454
2.5,35,0.0056161
2.5,36,0.0025542
2.5,37,0.0022145
2.5,38,0.0047062
2.5,39,0.0021033
2.5,40,0.0018319
2.5,41,0.0039793
2.5,42,0.0016649
2.5,43,0.0002638
2.5,44,0.0013531
2.5,45,0.0032250
2.5,46,0.0013317
2.5,47,0.0001157
2.5,48,0.0000230
2.5,49,0.0000172
2.5,50,0.0000134
2.5,51,0.0000104
2.5,52,0.0000080
2.5,53,0.0000061
2.5,54,0.0000047
2.5,55,0.0000035
2.5,56,0.0000027
2.5,57,0.0000020
2.5,58,0.0000015
2.5,59,0.0000011
2.5,60,0.0000008
2.5,61,0.0000006
2.5,62,0.0000004
2.5,63,0.0000003
2.5,64,0.0000002
2.5,65,0.0000002
2.5,66,0.0000001
2.5,67,0.0000001
2.5,68,0.0000001
2.5,69,0.0000000
2.5,70,0.0000000
2.5,71,0.0000000
2.5,72,0.0000000
2.5,73,0.0000000
2.5,74,0.0000000
3.0,-75,0.0000000
3.0,-74,0.0000000
3.0,-73,0.0000000
3.0,-72,0.0000000
3.0,-71,0.0000000
3.0,-70,0.0000000
3.0,-69,0.0000000
3.0,-68,0.0000000
3.0,-67,0.0000000
3.0,-66,0.0000000
3.0,-65,0.0000000
3.0,-64,0.0000000
3.0,-63,0.0000001
3.0,-62,0.0000001
3.0,-61,0.0000001
3.0,-60,0.0000002
3.0,-59,0.0000002
3.0,-58,0.0000003
3.0,-57,0.0000004
3.0,-56,0.0000006
3.0,-55,0.0000008
3.0,-54,0.0000011
3.0,-53,0.0000014
3.0,-52,0.0000019
3.0,-51,0.0000026
3.0,-50,0.0000034
3.0,-49,0.0000045
3.0,-48,0.0000060
3.0,-47,0.0000078
3.0,-46,0.0000111
3.0,-45,0.0000963
3.0,-44,0.0012450
3.0,-43,0.0031237
3.0,-42,0.0026035
3.0,-41,0.0034284
3.0,-40,0.0014996
3.0,-39,0.0017061
3.0,-38,0.0038963
3.0,-37,0.0016471
3.0,-36,0.0003408
3.0,-35,0.0020371
3.0,-34,0.0048374
3.0,-33,0.0022510
3.0,-32,0.0025916
3.0,-31,0.0057548
3.0,-30,0.0027446
3.0,-29,0.0031738
3.0,-28,0.0069139
3.0,-27,0.0031866
3.0,-26,0.0010543
3.0,-25,0.0040583
3.0,-24,0.0089788
3.0,-23,0.0045875
3.0,-22,0.0053412
3.0,-21,0.0110407
3.0,-20,0.0054787
3.0,-19,0.0023222
3.0,-18,0.0070349
3.0,-17,0.0147198
3.0,-16,0.0079444
3.0,-15,0.0092829
3.0,-14,0.0183918
3.0,-13,0.0095098
3.0,-12,0.0044634
3.0,-11,0.0122721
3.0,-10,0.0250036
3.0,-9,0.0136276
3.0,-8,0.0161478
3.0,-7,0.0318412
3.0,-6,0.0161701
3.0,-5,0.0072355
3.0,-4,0.0217655
3.0,-3,0.0454748
3.0,-2,0.0221998
3.0,-1,0.0072712
3.0,0,0.0008142
3.0,1,0.0090076
3.0,2,0.0499472
3.0,3,0.1077865
3.0,4,0.0450098
3.0,5,0.0092895
3.0,6,0.0227481
3.0,7,0.0478477
3.0,8,0.0233391
3.0,9,0.0186510
3.0,10,0.0354611
3.0,11,0.0171238
3.0,12,0.0058653
3.0,13,0.0129288
3.0,14,0.0253516
3.0,15,0.0129190
3.0,16,0.0109703
3.0,17,0.0201385
3.0,18,0.0098990
3.0,19,0.0035952
3.0,20,0.0077199
3.0,21,0.0150043
3.0,22,0.0075575
3.0,23,0.0064860
3.0,24,0.0121097
3.0,25,0.0057588
3.0,26,0.0018549
3.0,27,0.0045027
3.0,28,0.0091740
3.0,29,0.0044107
3.0,30,0.0037955
3.0,31,0.0075108
3.0,32,0.0033694
3.0,33,0.0008393
3.0,34,0.0026559
3.0,35,0.0058293
3.0,36,0.0026597
3.0,37,0.0023044
3.0,38,0.0048768
3.0,39,0.0021852
3.0,40,0.0019017
3.0,41,0.0041172
3.0,42,0.0017263
3.0,43,0.0002783
3.0,44,0.0014008
3.0,45,0.0033307
3.0,46,0.0013770
3.0,47,0.0001222
3.0,48,0.0000260
3.0,49,0.0000196
3.0,50,0.0000153
3.0,51,0.0000119
3.0,52,0.0000092
3.0,53,0.0000070
3.0,54,0.0000054
3.0,55,0.0000041
3.0,56,0.0000031
3.0,57,0.0000023
3.0,58,0.0000017
3.0,59,0.0000013
3.0,60,0.0000010
3.0,61,0.0000007
3.0,62,0.0000005
3.0,63,0.0000004
3.0,64,0.0000003
3.0,65,0.0000002
3.0,66,0.0000001
3.0,67,0.0000001
3.0,68,0.0000001
3.0,69,0.0000001
3.0,70,0.0000000
3.0,71,0.0000000
3.0,72,0.0000000
3.0,73,0.0000000
3.0,74,0.0000000
3.5,-75,0.0000000
3.5,-74,0.0000000
3.5,-73,0.0000000
3.5,-72,0.0000000
3.5,-71,0.0000000
3.5,-70,0.0000000
3.5,-69,0.0000000
3.5,-68,0.0000000
3.5,-67,0.0000000
3.5,-66,0.0000000
3.5,-65,0.0000000
3.5,-64,0.0000000
3.5,-63,0.0000001
3.5,-62,0.0000001
3.5,-61,0.0000001
3.5,-60,0.0000001
3.5,-59,0.0000002
3.5,-58,0.0000003
3.5,-57,0.0000004
3.5,-56,0.0000005
3.5,-55,0.0000007
3.5,-54,0.0000009
3.5,-53,0.0000012
3.5,-52,0.0000016
3.5,-51,0.0000022
3.5,-50,0.0000029
3.5,-49,0.0000039
3.5,-48,0.0000051
3.5,-47,0.0000067
3.5,-46,0.0000096
3.5,-45,0.0000905
3.5,-44,0.0011846
3.5,-43,0.0029739
3.5,-42,0.0024773
3.5,-41,0.0032619
3.5,-40,0.0014243
3.5,-39,0.0016192
3.5,-38,0.0037024
3.5,-37,0.0015609
3.5,-36,0.0003164
3.5,-35,0.0019273
3.5,-34,0.0045875
3.5,-33,0.0021270
3.5,-32,0.0024468
3.5,-31,0.0054484
3.5,-30,0.0025869
3.5,-29,0.0029894
3.5,-28,0.0065342
3.5,-27,0.0029953
3.5,-26,0.0009691
3.5,-25,0.0038106
3.5,-24,0.0084668
3.5,-23,0.0043047
3.5,-22,0.0050105
3.5,-21,0.0103962
3.5,-20,0.0051349
3.5,-19,0.0021483
3.5,-18,0.0065919
3.5,-17,0.0138394
3.5,-16,0.0074493
3.5,-15,0.0087013
3.5,-14,0.0172751
3.5,-13,0.0089221
3.5,-12,0.0041779
3.5,-11,0.0115043
3.5,-10,0.0234477
3.5,-9,0.0127940
3.5,-8,0.0151303
3.5,-7,0.0297944
3.5,-6,0.0151827
3.5,-5,0.0068507
3.5,-4,0.0203075
3.5,-3,0.0422666
3.5,-2,0.0207564
3.5,-1,0.0069650
3.5,0,0.0007940
3.5,1,0.0081413
3.5,2,0.0397113
3.5,3,0.0888654
3.5,4,0.0404279
3.5,5,0.0097200
3.5,6,0.0263288
3.5,7,0.0557998
3.5,8,0.0270629
3.5,9,0.0214075
3.5,10,0.0408678
3.5,11,0.0196636
3.5,12,0.0066468
3.5,13,0.0147623
3.5,14,0.0290354
3.5,15,0.0147798
3.5,16,0.0125282
3.5,17,0.0230176
3.5,18,0.0113214
3.5,19,0.0041217
3.5,20,0.0088235
3.5,21,0.0171249
3.5,22,0.0086455
3.5,23,0.0074178
3.5,24,0.0138100
3.5,25,0.0065909
3.5,26,0.0021519
3.5,27,0.0051525
3.5,28,0.0104483
3.5,29,0.0050429
3.5,30,0.0043383
3.5,31,0.0085431
3.5,32,0.0038490
3.5,33,0.0009798
3.5,34,0.0030309
3.5,35,0.0066169
3.5,36,0.0030292
3.5,37,0.0026228
3.5,38,0.0055266
3.5,39,0.0024830
3.5,40,0.0021592
3.5,41,0.0046584
3.5,42,0.0019576
3.5,43,0.0003215
3.5,44,0.0015860
3.5,45,0.0037615
3.5,46,0.0015573
3.5,47,0.0001412
3.5,48,0.0000321
3.5,49,0.0000244
3.5,50,0.0000191
3.5,51,0.0000148
3.5,52,0.0000115
3.5,53,0.0000089
3.5,54,0.0000068
3.5,55,0.0000052
3.5,56,0.0000039
3.5,57,0.0000030
3.5,58,0.0000022
3.5,59,0.0000017
3.5,60,0.0000012
3.5,61,0.0000009
3.5,62,0.0000007
3.5,63,0.0000005
3.5,64,0.0000004
3.5,65,0.0000003
3.5,66,0.0000002
3.5,67,0.0000001
3.5,68,0.0000001
3.5,69,0.0000001
3.5,70,0.0000001
3.5,71,0.0000000
3.5,72,0.0000000
3.5,73,0.0000000
3.5,74,0.0000000
4.0,-75,0.0000000
4.0,-74,0.0000000
4.0,-73,0.0000000
4.0,-72,0.0000000
4.0,-71,0.0000000
4.0,-70,0.0000000
4.0,-69,0.0000000
4.0,-68,0.0000000
4.0,-67,0.0000000
4.0,-66,0.0000000
4.0,-65,0.0000000
4.0,-64,0.0000000
4.0,-63,0.0000000
4.0,-62,0.0000001
4.0,-61,0.0000001
4.0,-60,0.0000001
4.0,-59,0.0000002
4.0,-58,0.0000002
4.0,-57,0.0000003
4.0,-56,0.0000004
4.0,-55,0.0000006
4.0,-54,0.0000008
4.0,-53,0.0000011
4.0,-52,0.0000014
4.0,-51,0.0000019
4.0,-50,0.0000026
4.0,-49,0.0000034
4.0,-48,0.0000045
4.0,-47,0.0000059
4.0,-46,0.0000087
4.0,-45,0.0000889
4.0,-44,0.0011780
4.0,-43,0.0029592
4.0,-42,0.0024638
4.0,-41,0.0032436
4.0,-40,0.0014140
4.0,-39,0.0016063
4.0,-38,0.0036772
4.0,-37,0.0015463
4.0,-36,0.0003073
4.0,-35,0.0019063
4.0,-34,0.0045476
4.0,-33,0.0021010
4.0,-32,0.0024151
4.0,-31,0.0053919
4.0,-30,0.0025490
4.0,-29,0.0029435
4.0,-28,0.0064552
4.0,-27,0.0029431
4.0,-26,0.0009308
4.0,-25,0.0037400
4.0,-24,0.0083454
4.0,-23,0.0042220
4.0,-22,0.0049126
4.0,-21,0.0102320
4.0,-20,0.0050296
4.0,-19,0.0020753
4.0,-18,0.0064549
4.0,-17,0.0135995
4.0,-16,0.0072988
4.0,-15,0.0085229
4.0,-14,0.0169590
4.0,-13,0.0087461
4.0,-12,0.0040830
4.0,-11,0.0112695
4.0,-10,0.0229839
4.0,-9,0.0125515
4.0,-8,0.0148175
4.0,-7,0.0291473
4.0,-6,0.0148992
4.0,-5,0.0067741
4.0,-4,0.0198184
4.0,-3,0.0411042
4.0,-2,0.0202996
4.0,-1,0.0069665
4.0,0,0.0008092
4.0,1,0.0079855
4.0,2,0.0364894
4.0,3,0.0808534
4.0,4,0.0366187
4.0,5,0.0096155
4.0,6,0.0279127
4.0,7,0.0596139
4.0,8,0.0287353
4.0,9,0.0224590
4.0,10,0.0430529
4.0,11,0.0206337
4.0,12,0.0068724
4.0,13,0.0153904
4.0,14,0.0303731
4.0,15,0.0154391
4.0,16,0.0130610
4.0,17,0.0240231
4.0,18,0.0118202
4.0,19,0.0043097
4.0,20,0.0092050
4.0,21,0.0178454
4.0,22,0.0090282
4.0,23,0.0077439
4.0,24,0.0143792
4.0,25,0.0068861
4.0,26,0.0022774
4.0,27,0.0053827
4.0,28,0.0108652
4.0,29,0.0052643
4.0,30,0.0045277
4.0,31,0.0088729
4.0,32,0.0040150
4.0,33,0.0010441
4.0,34,0.0031586
4.0,35,0.0068586
4.0,36,0.0031506
4.0,37,0.0027261
4.0,38,0.0057191
4.0,39,0.0025767
4.0,40,0.0022389
4.0,41,0.0048130
4.0,42,0.0020274
4.0,43,0.0003393
4.0,44,0.0016400
4.0,45,0.0038790
4.0,46,0.0016082
4.0,47,0.0001493
4.0,48,0.0000362
4.0,49,0.0000276
4.0,50,0.0000217
4.0,51,0.0000169
4.0,52,0.0000131
4.0,53,0.0000101
4.0,54,0.0000078
4.0,55,0.0000060
4.0,56,0.0000045
4.0,57,0.0000034
4.0,58,0.0000026
4.0,59,0.0000019
4.0,60,0.0000014
4.0,61,0.0000011
4.0,62,0.0000008
4.0,63,0.0000006
4.0,64,0.0000004
4.0,65,0.0000003
4.0,66,0.0000002
4.0,67,0.0000002
4.0,68,0.0000001
4.0,69,0.0000001
4.0,70,0.0000001
4.0,71,0.0000000
4.0,72,0.0000000
4.0,73,0.0000000
4.0,74,0.0000000
4.5,-75,0.0000000
4.5,-74,0.0000000
4.5,-73,0.0000000
4.5,-72,0.0000000
4.5,-71,0.0000000
4.5,-70,0.0000000
4.5,-69,0.0000000
4.5,-68,0.0000000
4.5,-67,0.0000000
4.5,-66,0.0000000
4.5,-65,0.0000000
4.5,-64,0.0000000
4.5,-63,0.0000000
4.5,-62,0.0000001
4.5,-61,0.0000001
4.5,-60,0.0000001
4.5,-59,0.0000001
4.5,-58,0.0000002
4.5,-57,0.0000003
4.5,-56,0.0000004
4.5,-55,0.0000005
4.5,-54,0.0000007
4.5,-53,0.0000009
4.5,-52,0.0000013
4.5,-51,0.0000017
4.5,-50,0.0000023
4.5,-49,0.0000030
4.5,-48,0.0000040
4.5,-47,0.0000053
4.5,-46,0.0000078
4.5,-45,0.0000873
4.5,-44,0.0011685
4.5,-43,0.0029370
4.5,-42,0.0024441
4.5,-41,0.0032173
4.5,-40,0.0014004
4.5,-39,0.0015897
4.5,-38,0.0036431
4.5,-37,0.0015283
4.5,-36,0.0002979
4.5,-35,0.0018811
4.5,-34,0.0044969
4.5,-33,0.0020706
4.5,-32,0.0023782
4.5,-31,0.0053231
4.5,-30,0.0025059
4.5,-29,0.0028916
4.5,-28,0.0063616
4.5,-27,0.0028851
4.5,-26,0.0008915
4.5,-25,0.0036620
4.5,-24,0.0082056
4.5,-23,0.0041306
4.5,-22,0.0048045
4.5,-21,0.0100453
4.5,-20,0.0049135
4.5,-19,0.0019981
4.5,-18,0.0063038
4.5,-17,0.0133296
4.5,-16,0.0071315
4.5,-15,0.0083253
4.5,-14,0.0166061
4.5,-13,0.0085490
4.5,-12,0.0039757
4.5,-11,0.0110093
4.5,-10,0.0224732
4.5,-9,0.0122794
4.5,-8,0.0144738
4.5,-7,0.0284487
4.5,-6,0.0145825
4.5,-5,0.0066757
4.5,-4,0.0193035
4.5,-3,0.0399089
4.5,-2,0.0198147
4.5,-1,0.0069431
4.5,0,0.0008224
4.5,1,0.0078667
4.5,2,0.0341349
4.5,3,0.0750041
4.5,4,0.0342507
4.5,5,0.0094813
4.5,6,0.0293767
4.5,7,0.0632445
4.5,8,0.0302829
4.5,9,0.0233301
4.5,10,0.0449090
4.5,11,0.0214316
4.5,12,0.0070217
4.5,13,0.0158673
4.5,14,0.0314300
4.5,15,0.0159493
4.5,16,0.0134623
4.5,17,0.0247956
4.5,18,0.0122014
4.5,19,0.0044512
4.5,20,0.0094928
4.5,21,0.0183883
4.5,22,0.0093206
4.5,23,0.0079920
4.5,24,0.0148043
4.5,25,0.0071129
4.5,26,0.0023812
4.5,27,0.0055595
4.5,28,0.0111728
4.5,29,0.0054339
4.5,30,0.0046725
4.5,31,0.0091132
4.5,32,0.0041417
4.5,33,0.0010998
4.5,34,0.0032554
4.5,35,0.0070304
4.5,36,0.0032409
4.5,37,0.0028025
4.5,38,0.0058529
4.5,39,0.0026446
4.5,40,0.0022963
4.5,41,0.0049176
4.5,42,0.0020766
4.5,43,0.0003544
4.5,44,0.0016771
4.5,45,0.0039556
4.5,46,0.0016425
4.5,47,0.0001562
4.5,48,0.0000403
4.5,49,0.0000309
4.5,50,0.0000243
4.5,51,0.0000190
4.5,52,0.0000148
4.5,53,0.0000115
4.5,54,0.0000088
4.5,55,0.0000068
4.5,56,0.0000052
4.5,57,0.0000039
4.5,58,0.0000030
4.5,59,0.0000022
4.5,60,0.0000017
4.5,61,0.0000012
4.5,62,0.0000009
4.5,63,0.0000007
4.5,64,0.0000005
4.5,65,0.0000004
4.5,66,0.0000003
4.5,67,0.0000002
4.5,68,0.0000001
4.5,69,0.0000001
4.5,70,0.0000001
4.5,71,0.0000001
4.5,72,0.0000000
4.5,73,0.0000000
4.5,74,0.0000000
5.0,-75,0.0000000
5.0,-74,0.0000000
5.0,-73,0.0000000
5.0,-72,0.0000000
5.0,-71,0.0000000
5.0,-70,0.0000000
5.0,-69,0.0000000
5.0,-68,0.0000000
5.0,-67,0.0000000
5.0,-66,0.0000000
5.0,-65,0.0000000
5.0,-64,0.0000000
5.0,-63,0.0000000
5.0,-62,0.0000000
5.0,-61,0.0000001
5.0,-60,0.0000001
5.0,-59,0.0000001
5.0,-58,0.0000002
5.0,-57,0.0000002
5.0,-56,0.0000003
5.0,-55,0.0000004
5.0,-54,0.0000006
5.0,-53,0.0000008
5.0,-52,0.0000011
5.0,-51,0.0000015
5.0,-50,0.0000020
5.0,-49,0.0000027
5.0,-48,0.0000036
5.0,-47,0.0000048
5.0,-46,0.0000072
5.0,-45,0.0000877
5.0,-44,0.0011855
5.0,-43,0.0029811
5.0,-42,0.0024797
5.0,-41,0.0032637
5.0,-40,0.0014187
5.0,-39,0.0016092
5.0,-38,0.0036914
5.0,-37,0.0015451
5.0,-36,0.0002957
5.0,-35,0.0018988
5.0,-34,0.0045483
5.0,-33,0.0020876
5.0,-32,0.0023957
5.0,-31,0.0053752
5.0,-30,0.0025201
5.0,-29,0.0029059
5.0,-28,0.0064128
5.0,-27,0.0028932
5.0,-26,0.0008732
5.0,-25,0.0036676
5.0,-24,0.0082525
5.0,-23,0.0041334
5.0,-22,0.0048058
5.0,-21,0.0100870
5.0,-20,0.0049089
5.0,-19,0.0019659
5.0,-18,0.0062956
5.0,-17,0.0133624
5.0,-16,0.0071251
5.0,-15,0.0083157
5.0,-14,0.0166302
5.0,-13,0.0085438
5.0,-12,0.0039552
5.0,-11,0.0109974
5.0,-10,0.0224746
5.0,-9,0.0122834
5.0,-8,0.0144587
5.0,-7,0.0284043
5.0,-6,0.0145954
5.0,-5,0.0067224
5.0,-4,0.0192389
5.0,-3,0.0396613
5.0,-2,0.0197911
5.0,-1,0.0070696
5.0,0,0.0008547
5.0,1,0.0079508
5.0,2,0.0330195
5.0,3,0.0720074
5.0,4,0.0331746
5.0,5,0.0095053
5.0,6,0.0298750
5.0,7,0.0648576
5.0,8,0.0308305
5.0,9,0.0233355
5.0,10,0.0451024
5.0,11,0.0214250
5.0,12,0.0068926
5.0,13,0.0157278
5.0,14,0.0312787
5.0,15,0.0158410
5.0,16,0.0133371
5.0,17,0.0246057
5.0,18,0.0121056
5.0,19,0.0044146
5.0,20,0.0094075
5.0,21,0.0182139
5.0,22,0.0092478
5.0,23,0.0079264
5.0,24,0.0146514
5.0,25,0.0070614
5.0,26,0.0023910
5.0,27,0.0055188
5.0,28,0.0110444
5.0,29,0.0053915
5.0,30,0.0046351
5.0,31,0.0089981
5.0,32,0.0041072
5.0,33,0.0011131
5.0,34,0.0032257
5.0,35,0.0069282
5.0,36,0.0032053
5.0,37,0.0027701
5.0,38,0.0057585
5.0,39,0.0026099
5.0,40,0.0022644
5.0,41,0.0048304
5.0,42,0.0020452
5.0,43,0.0003561
5.0,44,0.0016491
5.0,45,0.0038778
5.0,46,0.0016129
5.0,47,0.0001573
5.0,48,0.0000430
5.0,49,0.0000332
5.0,50,0.0000262
5.0,51,0.0000206
5.0,52,0.0000168
5.0,53,0.0000778
5.0,54,0.0009744
5.0,55,0.0023746
5.0,56,0.0009705
5.0,57,0.0000696
5.0,58,0.0000040
5.0,59,0.0000024
5.0,60,0.0000018
5.0,61,0.0000014
5.0,62,0.0000010
5.0,63,0.0000007
5.0,64,0.0000005
5.0,65,0.0000004
5.0,66,0.0000003
5.0,67,0.0000002
5.0,68,0.0000002
5.0,69,0.0000001
5.0,70,0.0000001
5.0,71,0.0000001
5.0,72,0.0000000
5.0,73,0.0000000
5.0,74,0.0000000
5.5,-75,0.0000000
5.5,-74,0.0000000
5.5,-73,0.0000000
5.5,-72,0.0000000
5.5,-71,0.0000000
5.5,-70,0.0000000
5.5,-69,0.0000000
5.5,-68,0.0000000
5.5,-67,0.0000000
5.5,-66,0.0000000
5.5,-65,0.0000000
5.5,-64,0.0000000
5.5,-63,0.0000000
5.5,-62,0.0000000
5.5,-61,0.0000001
5.5,-60,0.0000001
5.5,-59,0.0000001
5.5,-58,0.0000001
5.5,-57,0.0000002
5.5,-56,0.0000003
5.5,-55,0.0000004
5.5,-54,0.0000005
5.5,-53,0.0000007
5.5,-52,0.0000010
5.5,-51,0.0000013
5.5,-50,0.0000018
5.5,-49,0.0000024
5.5,-48,0.0000032
5.5,-47,0.0000043
5.5,-46,0.0000066
5.5,-45,0.0000878
5.5,-44,0.0011975
5.5,-43,0.0030128
5.5,-42,0.0025050
5.5,-41,0.0032964
5.5,-40,0.0014310
5.5,-39,0.0016220
5.5,-38,0.0037243
5.5,-37,0.0015555
5.5,-36,0.0002925
5.5,-35,0.0019087
5.5,-34,0.0045807
5.5,-33,0.0020960
5.5,-32,0.0024034
5.5,-31,0.0054050
5.5,-30,0.0025241
5.5,-29,0.0029082
5.5,-28,0.0064371
5.5,-27,0.0028893
5.5,-26,0.0008514
5.5,-25,0.0036579
5.5,-24,0.0082646
5.5,-23,0.0041186
5.5,-22,0.0047867
5.5,-21,0.0100858
5.5,-20,0.0048829
5.5,-19,0.0019243
5.5,-18,0.0062595
5.5,-17,0.0133374
5.5,-16,0.0070866
5.5,-15,0.0082687
5.5,-14,0.0165819
5.5,-13,0.0084991
5.5,-12,0.0039135
5.5,-11,0.0109355
5.5,-10,0.0223792
5.5,-9,0.0122311
5.5,-8,0.0143796
5.5,-7,0.0282418
5.5,-6,0.0145426
5.5,-5,0.0067338
5.5,-4,0.0190985
5.5,-3,0.0392711
5.5,-2,0.0196892
5.5,-1,0.0071592
5.5,0,0.0008842
5.5,1,0.0080136
5.5,2,0.0320296
5.5,3,0.0693649
5.5,4,0.0322258
5.5,5,0.0104009
5.5,6,0.0308082
5.5,7,0.0674779
5.5,8,0.0318192
5.5,9,0.0235476
5.5,10,0.0456858
5.5,11,0.0215951
5.5,12,0.0068082
5.5,13,0.0156978
5.5,14,0.0313539
5.5,15,0.0158426
5.5,16,0.0133006
5.5,17,0.0245858
5.5,18,0.0120898
5.5,19,0.0044030
5.5,20,0.0093825
5.5,21,0.0181622
5.5,22,0.0092352
5.5,23,0.0079119
5.5,24,0.0145969
5.5,25,0.0070558
5.5,26,0.0024146
5.5,27,0.0055140
5.5,28,0.0109906
5.5,29,0.0053849
5.5,30,0.0046286
5.5,31,0.0089444
5.5,32,0.0041004
5.5,33,0.0011337
5.5,34,0.0032180
5.5,35,0.0068740
5.5,36,0.0031919
5.5,37,0.0027569
5.5,38,0.0057042
5.5,39,0.0025934
5.5,40,0.0022485
5.5,41,0.0047771
5.5,42,0.0020282
5.5,43,0.0003606
5.5,44,0.0016328
5.5,45,0.0038273
5.5,46,0.0015947
5.5,47,0.0001596
5.5,48,0.0000463
5.5,49,0.0000359
5.5,50,0.0000284
5.5,51,0.0000223
5.5,52,0.0000182
5.5,53,0.0000778
5.5,54,0.0009591
5.5,55,0.0023354
5.5,56,0.0009548
5.5,57,0.0000690
5.5,58,0.0000043
5.5,59,0.0000027
5.5,60,0.0000020
5.5,61,0.0000015
5.5,62,0.0000011
5.5,63,0.0000008
5.5,64,0.0000006
5.5,65,0.0000004
5.5,66,0.0000003
5.5,67,0.0000002
5.5,68,0.0000002
5.5,69,0.0000001
5.5,70,0.0000001
5.5,71,0.0000001
5.5,72,0.0000000
5.5,73,0.0000000
5.5,74,0.0000000
6.0,-75,0.0000000
6.0,-74,0.0000000
6.0,-73,0.0000000
6.0,-72,0.0000000
6.0,-71,0.0000000
6.0,-70,0.0000000
6.0,-69,0.0000000
6.0,-68,0.0000000
6.0,-67,0.0000000
6.0,-66,0.0000000
6.0,-65,0.0000000
6.0,-64,0.0000000
6.0,-63,0.0000000
6.0,-62,0.0000000
6.0,-61,0.0000000
6.0,-60,0.0000001
6.0,-59,0.0000001
6.0,-58,0.0000001
6.0,-57,0.0000002
6.0,-56,0.0000002
6.0,-55,0.0000003
6.0,-54,0.0000005
6.0,-53,0.0000006
6.0,-52,0.0000009
6.0,-51,0.0000012
6.0,-50,0.0000016
6.0,-49,0.0000021
6.0,-48,0.0000028
6.0,-47,0.0000038
6.0,-46,0.0000059
6.0,-45,0.0000855
6.0,-44,0.0011763
6.0,-43,0.0029606
6.0,-42,0.0024606
6.0,-41,0.0032375
6.0,-40,0.0014038
6.0,-39,0.0015900
6.0,-38,0.0036539
6.0,-37,0.0015231
6.0,-36,0.0002816
6.0,-35,0.0018661
6.0,-34,0.0044863
6.0,-33,0.0020468
6.0,-32,0.0023451
6.0,-31,0.0052854
6.0,-30,0.0024589
6.0,-29,0.0028309
6.0,-28,0.0062840
6.0,-27,0.0028065
6.0,-26,0.0008073
6.0,-25,0.0035483
6.0,-24,0.0080492
6.0,-23,0.0039911
6.0,-22,0.0046365
6.0,-21,0.0098070
6.0,-20,0.0047228
6.0,-19,0.0018302
6.0,-18,0.0060515
6.0,-17,0.0129454
6.0,-16,0.0068525
6.0,-15,0.0079938
6.0,-14,0.0160774
6.0,-13,0.0082190
6.0,-12,0.0037614
6.0,-11,0.0105716
6.0,-10,0.0216697
6.0,-9,0.0118397
6.0,-8,0.0139046
6.0,-7,0.0273090
6.0,-6,0.0140874
6.0,-5,0.0065528
6.0,-4,0.0184409
6.0,-3,0.0378337
6.0,-2,0.0190523
6.0,-1,0.0070418
6.0,0,0.0008894
6.0,1,0.0078600
6.0,2,0.0303653
6.0,3,0.0653371
6.0,4,0.0305983
6.0,5,0.0105407
6.0,6,0.0360178
6.0,7,0.0721479
6.0,8,0.0337109
6.0,9,0.0242011
6.0,10,0.0471036
6.0,11,0.0221475
6.0,12,0.0068276
6.0,13,0.0159172
6.0,14,0.0319393
6.0,15,0.0160964
6.0,16,0.0134706
6.0,17,0.0249547
6.0,18,0.0122616
6.0,19,0.0044551
6.0,20,0.0095007
6.0,21,0.0183934
6.0,22,0.0093644
6.0,23,0.0080184
6.0,24,0.0147690
6.0,25,0.0071586
6.0,26,0.0024740
6.0,27,0.0055940
6.0,28,0.0111077
6.0,29,0.0054617
6.0,30,0.0046938
6.0,31,0.0090301
6.0,32,0.0041576
6.0,33,0.0011721
6.0,34,0.0032607
6.0,35,0.0069272
6.0,36,0.0032286
6.0,37,0.0027872
6.0,38,0.0057392
6.0,39,0.0026177
6.0,40,0.0022681
6.0,41,0.0047986
6.0,42,0.0020432
6.0,43,0.0003710
6.0,44,0.0016423
6.0,45,0.0038366
6.0,46,0.0016016
6.0,47,0.0001647
6.0,48,0.0000504
6.0,49,0.0000393
6.0,50,0.0000312
6.0,51,0.0000246
6.0,52,0.0000200
6.0,53,0.0000792
6.0,54,0.0009587
6.0,55,0.0023326
6.0,56,0.0009540
6.0,57,0.0000694
6.0,58,0.0000048
6.0,59,0.0000030
6.0,60,0.0000023
6.0,61,0.0000017
6.0,62,0.0000013
6.0,63,0.0000009
6.0,64,0.0000007
6.0,65,0.0000005
6.0,66,0.0000004
6.0,67,0.0000003
6.0,68,0.0000002
6.0,69,0.0000001
6.0,70,0.0000001
6.0,71,0.0000001
6.0,72,0.0000001
6.0,73,0.0000000
6.0,74,0.0000000
6.5,-75,0.0000000
6.5,-74,0.0000000
6.5,-73,0.0000000
6.5,-72,0.0000000
6.5,-71,0.0000000
6.5,-70,0.0000000
6.5,-69,0.0000000
6.5,-68,0.0000000
6.5,-67,0.0000000
6.5,-66,0.0000000
6.5,-65,0.0000000
6.5,-64,0.0000000
6.5,-63,0.0000000
6.5,-62,0.0000000
6.5,-61,0.0000000
6.5,-60,0.0000001
6.5,-59,0.0000001
6.5,-58,0.0000001
6.5,-57,0.0000001
6.5,-56,0.0000002
6.5,-55,0.0000003
6.5,-54,0.0000004
6.5,-53,0.0000005
6.5,-52,0.0000007
6.5,-51,0.0000010
6.5,-50,0.0000013
6.5,-49,0.0000018
6.5,-48,0.0000024
6.5,-47,0.0000032
6.5,-46,0.0000051
6.5,-45,0.0000817
6.5,-44,0.0011327
6.5,-43,0.0028517
6.5,-42,0.0023691
6.5,-41,0.0031168
6.5,-40,0.0013499
6.5,-39,0.0015280
6.5,-38,0.0035140
6.5,-37,0.0014621
6.5,-36,0.0002660
6.5,-35,0.0017887
6.5,-34,0.0043073
6.5,-33,0.0019597
6.5,-32,0.0022435
6.5,-31,0.0050668
6.5,-30,0.0023486
6.5,-29,0.0027018
6.5,-28,0.0060139
6.5,-27,0.0026727
6.5,-26,0.0007504
6.5,-25,0.0033744
6.5,-24,0.0076853
6.5,-23,0.0037916
6.5,-22,0.0044026
6.5,-21,0.0093481
6.5,-20,0.0044777
6.5,-19,0.0017052
6.5,-18,0.0057344
6.5,-17,0.0123168
6.5,-16,0.0064942
6.5,-15,0.0075742
6.5,-14,0.0152798
6.5,-13,0.0077887
6.5,-12,0.0035400
6.5,-11,0.0100154
6.5,-10,0.0205679
6.5,-9,0.0112312
6.5,-8,0.0131773
6.5,-7,0.0258876
6.5,-6,0.0133735
6.5,-5,0.0062443
6.5,-4,0.0174571
6.5,-3,0.0357457
6.5,-2,0.0180747
6.5,-1,0.0067814
6.5,0,0.0008767
6.5,1,0.0075589
6.5,2,0.0283254
6.5,3,0.0605811
6.5,4,0.0285905
6.5,5,0.0105550
6.5,6,0.0439007
6.5,7,0.0791523
6.5,8,0.0365716
6.5,9,0.0250734
6.5,10,0.0488824
6.5,11,0.0228536
6.5,12,0.0068722
6.5,13,0.0162080
6.5,14,0.0326832
6.5,15,0.0164233
6.5,16,0.0136949
6.5,17,0.0254325
6.5,18,0.0124828
6.5,19,0.0045203
6.5,20,0.0096540
6.5,21,0.0186988
6.5,22,0.0095295
6.5,23,0.0081547
6.5,24,0.0149995
6.5,25,0.0072888
6.5,26,0.0025419
6.5,27,0.0056953
6.5,28,0.0112685
6.5,29,0.0055600
6.5,30,0.0047775
6.5,31,0.0091515
6.5,32,0.0042316
6.5,33,0.0012156
6.5,34,0.0033168
6.5,35,0.0070079
6.5,36,0.0032786
6.5,37,0.0028289
6.5,38,0.0057970
6.5,39,0.0026529
6.5,40,0.0022970
6.5,41,0.0048390
6.5,42,0.0020667
6.5,43,0.0003835
6.5,44,0.0016585
6.5,45,0.0038609
6.5,46,0.0016150
6.5,47,0.0001708
6.5,48,0.0000551
6.5,49,0.0000431
6.5,50,0.0000343
6.5,51,0.0000271
6.5,52,0.0000221
6.5,53,0.0000810
6.5,54,0.0009621
6.5,55,0.0023386
6.5,56,0.0009568
6.5,57,0.0000702
6.5,58,0.0000053
6.5,59,0.0000034
6.5,60,0.0000026
6.5,61,0.0000019
6.5,62,0.0000015
6.5,63,0.0000011
6.5,64,0.0000008
6.5,65,0.0000006
6.5,66,0.0000004
6.5,67,0.0000003
6.5,68,0.0000002
6.5,69,0.0000002
6.5,70,0.0000001
6.5,71,0.0000001
6.5,72,0.0000001
6.5,73,0.0000000
6.5,74,0.0000000
7.0,-75,0.0000000
7.0,-74,0.0000000
7.0,-73,0.0000000
7.0,-72,0.0000000
7.0,-71,0.0000000
7.0,-70,0.0000000
7.0,-69,0.0000000
7.0,-68,0.0000000
7.0,-67,0.0000000
7.0,-66,0.0000000
7.0,-65,0.0000000
7.0,-64,0.0000000
7.0,-63,0.0000000
7.0,-62,0.0000000
7.0,-61,0.0000000
7.0,-60,0.0000000
7.0,-59,0.0000001
7.0,-58,0.0000001
7.0,-57,0.0000001
7.0,-56,0.0000002
7.0,-55,0.0000002
7.0,-54,0.0000003
7.0,-53,0.0000004
7.0,-52,0.0000006
7.0,-51,0.0000008
7.0,-50,0.0000010
7.0,-49,0.0000014
7.0,-48,0.0000019
7.0,-47,0.0000025
7.0,-46,0.0000041
7.0,-45,0.0000721
7.0,-44,0.0010056
7.0,-43,0.0025326
7.0,-42,0.0021032
7.0,-41,0.0027665
7.0,-40,0.0011970
7.0,-39,0.0013540
7.0,-38,0.0031161
7.0,-37,0.0012943
7.0,-36,0.0002319
7.0,-35,0.0015812
7.0,-34,0.0038133
7.0,-33,0.0017304
7.0,-32,0.0019793
7.0,-31,0.0044791
7.0,-30,0.0020688
7.0,-29,0.0023781
7.0,-28,0.0053074
7.0,-27,0.0023475
7.0,-26,0.0006432
7.0,-25,0.0029596
7.0,-24,0.0067666
7.0,-23,0.0033217
7.0,-22,0.0038550
7.0,-21,0.0082168
7.0,-20,0.0039145
7.0,-19,0.0014638
7.0,-18,0.0050101
7.0,-17,0.0108055
7.0,-16,0.0056740
7.0,-15,0.0066162
7.0,-14,0.0133897
7.0,-13,0.0068038
7.0,-12,0.0030688
7.0,-11,0.0087469
7.0,-10,0.0180002
7.0,-9,0.0098205
7.0,-8,0.0115127
7.0,-7,0.0226290
7.0,-6,0.0117031
7.0,-5,0.0054809
7.0,-4,0.0152393
7.0,-3,0.0311533
7.0,-2,0.0158120
7.0,-1,0.0060142
7.0,0,0.0007968
7.0,1,0.0067020
7.0,2,0.0244345
7.0,3,0.0519650
7.0,4,0.0247105
7.0,5,0.0100909
7.0,6,0.0488927
7.0,7,0.1048296
7.0,8,0.0448031
7.0,9,0.0269672
7.0,10,0.0521322
7.0,11,0.0242241
7.0,12,0.0070851
7.0,13,0.0169128
7.0,14,0.0342826
7.0,15,0.0171713
7.0,16,0.0142609
7.0,17,0.0265553
7.0,18,0.0130158
7.0,19,0.0046925
7.0,20,0.0100444
7.0,21,0.0194701
7.0,22,0.0099302
7.0,23,0.0084916
7.0,24,0.0156018
7.0,25,0.0075992
7.0,26,0.0026721
7.0,27,0.0059372
7.0,28,0.0117080
7.0,29,0.0057963
7.0,30,0.0049798
7.0,31,0.0094991
7.0,32,0.0044111
7.0,33,0.0012906
7.0,34,0.0034556
7.0,35,0.0072617
7.0,36,0.0034104
7.0,37,0.0029412
7.0,38,0.0059977
7.0,39,0.0027542
7.0,40,0.0023831
7.0,41,0.0049983
7.0,42,0.0021414
7.0,43,0.0004062
7.0,44,0.0017158
7.0,45,0.0039796
7.0,46,0.0016682
7.0,47,0.0001816
7.0,48,0.0000616
7.0,49,0.0000484
7.0,50,0.0000386
7.0,51,0.0000306
7.0,52,0.0000249
7.0,53,0.0000849
7.0,54,0.0009888
7.0,55,0.0024012
7.0,56,0.0009829
7.0,57,0.0000728
7.0,58,0.0000060
7.0,59,0.0000040
7.0,60,0.0000030
7.0,61,0.0000023
7.0,62,0.0000017
7.0,63,0.0000013
7.0,64,0.0000009
7.0,65,0.0000007
7.0,66,0.0000005
7.0,67,0.0000004
7.0,68,0.0000003
7.0,69,0.0000002
7.0,70,0.0000001
7.0,71,0.0000001
7.0,72,0.0000001
7.0,73,0.0000001
7.0,74,0.0000000
7.5,-75,0.0000000
7.5,-74,0.0000000
7.5,-73,0.0000000
7.5,-72,0.0000000
7.5,-71,0.0000000
7.5,-70,0.0000000
7.5,-69,0.0000000
7.5,-68,0.0000000
7.5,-67,0.0000000
7.5,-66,0.0000000
7.5,-65,0.0000000
7.5,-64,0.0000000
7.5,-63,0.0000000
7.5,-62,0.0000000
7.5,-61,0.0000000
7.5,-60,0.0000000
7.5,-59,0.0000001
7.5,-58,0.0000001
7.5,-57,0.0000001
7.5,-56,0.0000001
7.5,-55,0.0000002
7.5,-54,0.0000003
7.5,-53,0.0000003
7.5,-52,0.0000005
7.5,-51,0.0000007
7.5,-50,0.0000009
7.5,-49,0.0000012
7.5,-48,0.0000016
7.5,-47,0.0000022
7.5,-46,0.0000029
7.5,-45,0.0000038
7.5,-44,0.0000058
7.5,-43,0.0000780
7.5,-42,0.0010629
7.5,-41,0.0025989
7.5,-40,0.0011508
7.5,-39,0.0013017
7.5,-38,0.0029978
7.5,-37,0.0012432
7.5,-36,0.0002195
7.5,-35,0.0015166
7.5,-34,0.0036627
7.5,-33,0.0016580
7.5,-32,0.0018949
7.5,-31,0.0042960
7.5,-30,0.0019776
7.5,-29,0.0022714
7.5,-28,0.0050822
7.5,-27,0.0022375
7.5,-26,0.0005982
7.5,-25,0.0028167
7.5,-24,0.0064643
7.5,-23,0.0031576
7.5,-22,0.0036627
7.5,-21,0.0078363
7.5,-20,0.0037128
7.5,-19,0.0013624
7.5,-18,0.0047488
7.5,-17,0.0102849
7.5,-16,0.0053778
7.5,-15,0.0062693
7.5,-14,0.0127296
7.5,-13,0.0064465
7.5,-12,0.0028832
7.5,-11,0.0082857
7.5,-10,0.0170904
7.5,-9,0.0093135
7.5,-8,0.0109103
7.5,-7,0.0214612
7.5,-6,0.0111078
7.5,-5,0.0052139
7.5,-4,0.0144335
7.5,-3,0.0294665
7.5,-2,0.0150075
7.5,-1,0.0057795
7.5,0,0.0007854
7.5,1,0.0064445
7.5,2,0.0229209
7.5,3,0.0484892
7.5,4,0.0232132
7.5,5,0.0092375
7.5,6,0.0392957
7.5,7,0.0879227
7.5,8,0.0403387
7.5,9,0.0304796
7.5,10,0.0608642
7.5,11,0.0281034
7.5,12,0.0079681
7.5,13,0.0192562
7.5,14,0.0392480
7.5,15,0.0195885
7.5,16,0.0161945
7.5,17,0.0302447
7.5,18,0.0147991
7.5,19,0.0053061
7.5,20,0.0113919
7.5,21,0.0221065
7.5,22,0.0112807
7.5,23,0.0096385
7.5,24,0.0176943
7.5,25,0.0086367
7.5,26,0.0030597
7.5,27,0.0067468
7.5,28,0.0132636
7.5,29,0.0065877
7.5,30,0.0056589
7.5,31,0.0107510
7.5,32,0.0050134
7.5,33,0.0014929
7.5,34,0.0039256
7.5,35,0.0082051
7.5,36,0.0038684
7.5,37,0.0033347
7.5,38,0.0067666
7.5,39,0.0031182
7.5,40,0.0026964
7.5,41,0.0056299
7.5,42,0.0024200
7.5,43,0.0004693
7.5,44,0.0019360
7.5,45,0.0044730
7.5,46,0.0018792
7.5,47,0.0002107
7.5,48,0.0000749
7.5,49,0.0000591
7.5,50,0.0000473
7.5,51,0.0000376
7.5,52,0.0000306
7.5,53,0.0000972
7.5,54,0.0011082
7.5,55,0.0026883
7.5,56,0.0011009
7.5,57,0.0000823
7.5,58,0.0000073
7.5,59,0.0000050
7.5,60,0.0000038
7.5,61,0.0000028
7.5,62,0.0000021
7.5,63,0.0000016
7.5,64,0.0000012
7.5,65,0.0000009
7.5,66,0.0000006
7.5,67,0.0000005
7.5,68,0.0000003
7.5,69,0.0000002
7.5,70,0.0000002
7.5,71,0.0000001
7.5,72,0.0000001
7.5,73,0.0000001
7.5,74,0.0000000
8.0,-75,0.0000000
8.0,-74,0.0000000
8.0,-73,0.0000000
8.0,-72,0.0000000
8.0,-71,0.0000000
8.0,-70,0.0000000
8.0,-69,0.0000000
8.0,-68,0.0000000
8.0,-67,0.0000000
8.0,-66,0.0000000
8.0,-65,0.0000000
8.0,-64,0.0000000
8.0,-63,0.0000000
8.0,-62,0.0000000
8.0,-61,0.0000000
8.0,-60,0.0000000
8.0,-59,0.0000000
8.0,-58,0.0000001
8.0,-57,0.0000001
8.0,-56,0.0000001
8.0,-55,0.0000002
8.0,-54,0.0000002
8.0,-53,0.0000003
8.0,-52,0.0000004
8.0,-51,0.0000006
8.0,-50,0.0000008
8.0,-49,0.0000011
8.0,-48,0.0000014
8.0,-47,0.0000019
8.0,-46,0.0000025
8.0,-45,0.0000034
8.0,-44,0.0000053
8.0,-43,0.0000770
8.0,-42,0.0010582
8.0,-41,0.0025883
8.0,-40,0.0011452
8.0,-39,0.0012945
8.0,-38,0.0029829
8.0,-37,0.0012352
8.0,-36,0.0002151
8.0,-35,0.0015047
8.0,-34,0.0036390
8.0,-33,0.0016434
8.0,-32,0.0018767
8.0,-31,0.0042622
8.0,-30,0.0019557
8.0,-29,0.0022444
8.0,-28,0.0050340
8.0,-27,0.0022064
8.0,-26,0.0005756
8.0,-25,0.0027732
8.0,-24,0.0063881
8.0,-23,0.0031052
8.0,-22,0.0035998
8.0,-21,0.0077307
8.0,-20,0.0036426
8.0,-19,0.0013108
8.0,-18,0.0046557
8.0,-17,0.0101258
8.0,-16,0.0052713
8.0,-15,0.0061438
8.0,-14,0.0125174
8.0,-13,0.0063160
8.0,-12,0.0027990
8.0,-11,0.0081164
8.0,-10,0.0167831
8.0,-9,0.0091332
8.0,-8,0.0106921
8.0,-7,0.0210529
8.0,-6,0.0109015
8.0,-5,0.0051247
8.0,-4,0.0141393
8.0,-3,0.0288358
8.0,-2,0.0147322
8.0,-1,0.0057374
8.0,0,0.0008007
8.0,1,0.0064063
8.0,2,0.0222805
8.0,3,0.0469023
8.0,4,0.0226018
8.0,5,0.0090412
8.0,6,0.0361197
8.0,7,0.0800250
8.0,8,0.0372764
8.0,9,0.0320845
8.0,10,0.0654063
8.0,11,0.0299935
8.0,12,0.0082096
8.0,13,0.0200845
8.0,14,0.0411735
8.0,15,0.0204697
8.0,16,0.0168362
8.0,17,0.0315432
8.0,18,0.0154035
8.0,19,0.0054862
8.0,20,0.0118229
8.0,21,0.0229758
8.0,22,0.0117274
8.0,23,0.0100107
8.0,24,0.0183673
8.0,25,0.0089821
8.0,26,0.0032033
8.0,27,0.0070154
8.0,28,0.0137526
8.0,29,0.0068519
8.0,30,0.0058849
8.0,31,0.0111372
8.0,32,0.0052149
8.0,33,0.0015796
8.0,34,0.0040817
8.0,35,0.0084863
8.0,36,0.0040167
8.0,37,0.0034611
8.0,38,0.0069882
8.0,39,0.0032319
8.0,40,0.0027931
8.0,41,0.0058049
8.0,42,0.0025036
8.0,43,0.0004967
8.0,44,0.0019998
8.0,45,0.0046021
8.0,46,0.0019381
8.0,47,0.0002240
8.0,48,0.0000833
8.0,49,0.0000661
8.0,50,0.0000529
8.0,51,0.0000422
8.0,52,0.0000343
8.0,53,0.0001020
8.0,54,0.0011369
8.0,55,0.0027546
8.0,56,0.0011287
8.0,57,0.0000853
8.0,58,0.0000083
8.0,59,0.0000057
8.0,60,0.0000043
8.0,61,0.0000033
8.0,62,0.0000025
8.0,63,0.0000018
8.0,64,0.0000014
8.0,65,0.0000010
8.0,66,0.0000008
8.0,67,0.0000006
8.0,68,0.0000004
8.0,69,0.0000003
8.0,70,0.0000002
8.0,71,0.0000002
8.0,72,0.0000001
8.0,73,0.0000001
8.0,74,0.0000001
8.5,-75,0.0000000
8.5,-74,0.0000000
8.5,-73,0.0000000
8.5,-72,0.0000000
8.5,-71,0.0000000
8.5,-70,0.0000000
8.5,-69,0.0000000
8.5,-68,0.0000000
8.5,-67,0.0000000
8.5,-66,0.0000000
8.5,-65,0.0000000
8.5,-64,0.0000000
8.5,-63,0.0000000
8.5,-62,0.0000000
8.5,-61,0.0000000
8.5,-60,0.0000000
8.5,-59,0.0000000
8.5,-58,0.0000001
8.5,-57,0.0000001
8.5,-56,0.0000001
8.5,-55,0.0000001
8.5,-54,0.0000002
8.5,-53,0.0000003
8.5,-52,0.0000004
8.5,-51,0.0000005
8.5,-50,0.0000007
8.5,-49,0.0000009
8.5,-48,0.0000012
8.5,-47,0.0000017
8.5,-46,0.0000022
8.5,-45,0.0000030
8.5,-44,0.0000047
8.5,-43,0.0000758
8.5,-42,0.0010488
8.5,-41,0.0025663
8.5,-40,0.0011346
8.5,-39,0.0012817
8.5,-38,0.0029550
8.5,-37,0.0012219
8.5,-36,0.0002101
8.5,-35,0.0014866
8.5,-34,0.0035996
8.5,-33,0.0016220
8.5,-32,0.0018509
8.5,-31,0.0042103
8.5,-30,0.0019260
8.5,-29,0.0022085
8.5,-28,0.0049649
8.5,-27,0.0021666
8.5,-26,0.0005516
8.5,-25,0.0027191
8.5,-24,0.0062858
8.5,-23,0.0030407
8.5,-22,0.0035230
8.5,-21,0.0075936
8.5,-20,0.0035583
8.5,-19,0.0012549
8.5,-18,0.0045443
8.5,-17,0.0099257
8.5,-16,0.0051438
8.5,-15,0.0059938
8.5,-14,0.0122545
8.5,-13,0.0061595
8.5,-12,0.0027025
8.5,-11,0.0079139
8.5,-10,0.0164084
8.5,-9,0.0089143
8.5,-8,0.0104299
8.5,-7,0.0205619
8.5,-6,0.0106485
8.5,-5,0.0050095
8.5,-4,0.0137895
8.5,-3,0.0281012
8.5,-2,0.0143969
8.5,-1,0.0056633
8.5,0,0.0008125
8.5,1,0.0063361
8.5,2,0.0215951
8.5,3,0.0452512
8.5,4,0.0219446
8.5,5,0.0088659
8.5,6,0.0337372
8.5,7,0.0741243
8.5,8,0.0356993
8.5,9,0.0337492
8.5,10,0.0700752
8.5,11,0.0318943
8.5,12,0.0083816
8.5,13,0.0207459
8.5,14,0.0427880
8.5,15,0.0211826
8.5,16,0.0173213
8.5,17,0.0325624
8.5,18,0.0158643
8.5,19,0.0056062
8.5,20,0.0121362
8.5,21,0.0236261
8.5,22,0.0120594
8.5,23,0.0102831
8.5,24,0.0188616
8.5,25,0.0092391
8.5,26,0.0033143
8.5,27,0.0072144
8.5,28,0.0141064
8.5,29,0.0070490
8.5,30,0.0060532
8.5,31,0.0114137
8.5,32,0.0053659
8.5,33,0.0016522
8.5,34,0.0041985
8.5,35,0.0086836
8.5,36,0.0041262
8.5,37,0.0035541
8.5,38,0.0071403
8.5,39,0.0033144
8.5,40,0.0028628
8.5,41,0.0059217
8.5,42,0.0025630
8.5,43,0.0005202
8.5,44,0.0020441
8.5,45,0.0046846
8.5,46,0.0019778
8.5,47,0.0002357
8.5,48,0.0000916
8.5,49,0.0000729
8.5,50,0.0000586
8.5,51,0.0000468
8.5,52,0.0000381
8.5,53,0.0001060
8.5,54,0.0011539
8.5,55,0.0027923
8.5,56,0.0011448
8.5,57,0.0000875
8.5,58,0.0000093
8.5,59,0.0000065
8.5,60,0.0000049
8.5,61,0.0000037
8.5,62,0.0000028
8.5,63,0.0000021
8.5,64,0.0000016
8.5,65,0.0000012
8.5,66,0.0000009
8.5,67,0.0000006
8.5,68,0.0000005
8.5,69,0.0000003
8.5,70,0.0000002
8.5,71,0.0000002
8.5,72,0.0000001
8.5,73,0.0000001
8.5,74,0.0000001
9.0,-75,0.0000000
9.0,-74,0.0000000
9.0,-73,0.0000000
9.0,-72,0.0000000
9.0,-71,0.0000000
9.0,-70,0.0000000
9.0,-69,0.0000000
9.0,-68,0.0000000
9.0,-67,0.0000000
9.0,-66,0.0000000
9.0,-65,0.0000000
9.0,-64,0.0000000
9.0,-63,0.0000000
9.0,-62,0.0000000
9.0,-61,0.0000000
9.0,-60,0.0000000
9.0,-59,0.0000000
9.0,-58,0.0000000
9.0,-57,0.0000001
9.0,-56,0.0000001
9.0,-55,0.0000001
9.0,-54,0.0000002
9.0,-53,0.0000002
9.0,-52,0.0000003
9.0,-51,0.0000004
9.0,-50,0.0000006
9.0,-49,0.0000008
9.0,-48,0.0000011
9.0,-47,0.0000015
9.0,-46,0.0000020
9.0,-45,0.0000026
9.0,-44,0.0000042
9.0,-43,0.0000743
9.0,-42,0.0010351
9.0,-41,0.0025338
9.0,-40,0.0011194
9.0,-39,0.0012637
9.0,-38,0.0029151
9.0,-37,0.0012039
9.0,-36,0.0002045
9.0,-35,0.0014627
9.0,-34,0.0035459
9.0,-33,0.0015945
9.0,-32,0.0018180
9.0,-31,0.0041419
9.0,-30,0.0018892
9.0,-29,0.0021645
9.0,-28,0.0048767
9.0,-27,0.0021193
9.0,-26,0.0005265
9.0,-25,0.0026554
9.0,-24,0.0061600
9.0,-23,0.0029657
9.0,-22,0.0034341
9.0,-21,0.0074286
9.0,-20,0.0034618
9.0,-19,0.0011958
9.0,-18,0.0044172
9.0,-17,0.0096895
9.0,-16,0.0049982
9.0,-15,0.0058226
9.0,-14,0.0119473
9.0,-13,0.0059806
9.0,-12,0.0025960
9.0,-11,0.0076827
9.0,-10,0.0159748
9.0,-9,0.0086619
9.0,-8,0.0101296
9.0,-7,0.0199987
9.0,-6,0.0103547
9.0,-5,0.0048712
9.0,-4,0.0133909
9.0,-3,0.0272764
9.0,-2,0.0140087
9.0,-1,0.0055596
9.0,0,0.0008209
9.0,1,0.0062357
9.0,2,0.0208690
9.0,3,0.0435440
9.0,4,0.0212451
9.0,5,0.0086840
9.0,6,0.0317268
9.0,7,0.0691859
9.0,8,0.0339385
9.0,9,0.0371706
9.0,10,0.0753428
9.0,11,0.0340064
9.0,12,0.0085122
9.0,13,0.0212794
9.0,14,0.0441670
9.0,15,0.0217656
9.0,16,0.0176802
9.0,17,0.0333570
9.0,18,0.0162086
9.0,19,0.0056761
9.0,20,0.0123525
9.0,21,0.0240973
9.0,22,0.0122965
9.0,23,0.0104726
9.0,24,0.0192090
9.0,25,0.0094226
9.0,26,0.0033970
9.0,27,0.0073553
9.0,28,0.0143490
9.0,29,0.0071905
9.0,30,0.0061736
9.0,31,0.0116001
9.0,32,0.0054750
9.0,33,0.0017125
9.0,34,0.0042827
9.0,35,0.0088124
9.0,36,0.0042038
9.0,37,0.0036197
9.0,38,0.0072360
9.0,39,0.0033714
9.0,40,0.0029104
9.0,41,0.0059915
9.0,42,0.0026027
9.0,43,0.0005405
9.0,44,0.0020727
9.0,45,0.0047296
9.0,46,0.0020020
9.0,47,0.0002462
9.0,48,0.0000997
9.0,49,0.0000796
9.0,50,0.0000642
9.0,51,0.0000514
9.0,52,0.0000419
9.0,53,0.0001094
9.0,54,0.0011615
9.0,55,0.0028070
9.0,56,0.0011516
9.0,57,0.0000891
9.0,58,0.0000103
9.0,59,0.0000072
9.0,60,0.0000055
9.0,61,0.0000042
9.0,62,0.0000032
9.0,63,0.0000024
9.0,64,0.0000018
9.0,65,0.0000013
9.0,66,0.0000010
9.0,67,0.0000007
9.0,68,0.0000005
9.0,69,0.0000004
9.0,70,0.0000003
9.0,71,0.0000002
9.0,72,0.0000001
9.0,73,0.0000001
9.0,74,0.0000001
9.5,-75,0.0000000
9.5,-74,0.0000000
9.5,-73,0.0000000
9.5,-72,0.0000000
9.5,-71,0.0000000
9.5,-70,0.0000000
9.5,-69,0.0000000
9.5,-68,0.0000000
9.5,-67,0.0000000
9.5,-66,0.0000000
9.5,-65,0.0000000
9.5,-64,0.0000000
9.5,-63,0.0000000
9.5,-62,0.0000000
9.5,-61,0.0000000
9.5,-60,0.0000000
9.5,-59,0.0000000
9.5,-58,0.0000000
9.5,-57,0.0000001
9.5,-56,0.0000001
9.5,-55,0.0000001
9.5,-54,0.0000001
9.5,-53,0.0000002
9.5,-52,0.0000003
9.5,-51,0.0000004
9.5,-50,0.0000005
9.5,-49,0.0000007
9.5,-48,0.0000009
9.5,-47,0.0000013
9.5,-46,0.0000017
9.5,-45,0.0000023
9.5,-44,0.0000030
9.5,-43,0.0000040
9.5,-42,0.0000053
9.5,-41,0.0000078
9.5,-40,0.0000874
9.5,-39,0.0011697
9.5,-38,0.0028563
9.5,-37,0.0011785
9.5,-36,0.0001979
9.5,-35,0.0014301
9.5,-34,0.0034705
9.5,-33,0.0015576
9.5,-32,0.0017745
9.5,-31,0.0040486
9.5,-30,0.0018415
9.5,-29,0.0021082
9.5,-28,0.0047596
9.5,-27,0.0020601
9.5,-26,0.0004996
9.5,-25,0.0025771
9.5,-24,0.0059984
9.5,-23,0.0028745
9.5,-22,0.0033263
9.5,-21,0.0072211
9.5,-20,0.0033465
9.5,-19,0.0011316
9.5,-18,0.0042662
9.5,-17,0.0093984
9.5,-16,0.0048251
9.5,-15,0.0056195
9.5,-14,0.0115728
9.5,-13,0.0057684
9.5,-12,0.0024752
9.5,-11,0.0074086
9.5,-10,0.0154520
9.5,-9,0.0083600
9.5,-8,0.0097723
9.5,-7,0.0193253
9.5,-6,0.0100009
9.5,-5,0.0047011
9.5,-4,0.0129184
9.5,-3,0.0263091
9.5,-2,0.0135406
9.5,-1,0.0054157
9.5,0,0.0008239
9.5,1,0.0060920
9.5,2,0.0200571
9.5,3,0.0416860
9.5,4,0.0204566
9.5,5,0.0084648
9.5,6,0.0298552
9.5,7,0.0646581
9.5,8,0.0323795
9.5,9,0.0428532
9.5,10,0.0827911
9.5,11,0.0370022
9.5,12,0.0086983
9.5,13,0.0218584
9.5,14,0.0456682
9.5,15,0.0223946
9.5,16,0.0180536
9.5,17,0.0341904
9.5,18,0.0165645
9.5,19,0.0057408
9.5,20,0.0125689
9.5,21,0.0245785
9.5,22,0.0125353
9.5,23,0.0106612
9.5,24,0.0195603
9.5,25,0.0096061
9.5,26,0.0034775
9.5,27,0.0074954
9.5,28,0.0145930
9.5,29,0.0073322
9.5,30,0.0062940
9.5,31,0.0117875
9.5,32,0.0055848
9.5,33,0.0017732
9.5,34,0.0043675
9.5,35,0.0089420
9.5,36,0.0042824
9.5,37,0.0036862
9.5,38,0.0073324
9.5,39,0.0034293
9.5,40,0.0029589
9.5,41,0.0060619
9.5,42,0.0026430
9.5,43,0.0005616
9.5,44,0.0021018
9.5,45,0.0047747
9.5,46,0.0020267
9.5,47,0.0002573
9.5,48,0.0001083
9.5,49,0.0000868
9.5,50,0.0000702
9.5,51,0.0000564
9.5,52,0.0000460
9.5,53,0.0001131
9.5,54,0.0011692
9.5,55,0.0028214
9.5,56,0.0011583
9.5,57,0.0000908
9.5,58,0.0000114
9.5,59,0.0000081
9.5,60,0.0000062
9.5,61,0.0000047
9.5,62,0.0000036
9.5,63,0.0000027
9.5,64,0.0000020
9.5,65,0.0000015
9.5,66,0.0000011
9.5,67,0.0000008
9.5,68,0.0000006
9.5,69,0.0000004
9.5,70,0.0000003
9.5,71,0.0000002
9.5,72,0.0000002
9.5,73,0.0000001
9.5,74,0.0000001
10.0,-75,0.0000000
10.0,-74,0.0000000
10.0,-73,0.0000000
10.0,-72,0.0000000
10.0,-71,0.0000000
10.0,-70,0.0000000
10.0,-69,0.0000000
10.0,-68,0.0000000
10.0,-67,0.0000000
10.0,-66,0.0000000
10.0,-65,0.0000000
10.0,-64,0.0000000
10.0,-63,0.0000000
10.0,-62,0.0000000
10.0,-61,0.0000000
10.0,-60,0.0000000
10.0,-59,0.0000000
10.0,-58,0.0000000
10.0,-57,0.0000000
10.0,-56,0.0000001
10.0,-55,0.0000001
10.0,-54,0.0000001
10.0,-53,0.0000001
10.0,-52,0.0000002
10.0,-51,0.0000003
10.0,-50,0.0000004
10.0,-49,0.0000005
10.0,-48,0.0000007
10.0,-47,0.0000010
10.0,-46,0.0000013
10.0,-45,0.0000018
10.0,-44,0.0000024
10.0,-43,0.0000032
10.0,-42,0.0000042
10.0,-41,0.0000063
10.0,-40,0.0000772
10.0,-39,0.0010428
10.0,-38,0.0025476
10.0,-37,0.0010501
10.0,-36,0.0001744
10.0,-35,0.0012726
10.0,-34,0.0030913
10.0,-33,0.0013849
10.0,-32,0.0015765
10.0,-31,0.0036017
10.0,-30,0.0016340
10.0,-29,0.0018690
10.0,-28,0.0042280
10.0,-27,0.0018229
10.0,-26,0.0004317
10.0,-25,0.0022767
10.0,-24,0.0053164
10.0,-23,0.0025361
10.0,-22,0.0029328
10.0,-21,0.0063889
10.0,-20,0.0029446
10.0,-19,0.0009742
10.0,-18,0.0037501
10.0,-17,0.0082970
10.0,-16,0.0042391
10.0,-15,0.0049356
10.0,-14,0.0102023
10.0,-13,0.0050626
10.0,-12,0.0021458
10.0,-11,0.0065007
10.0,-10,0.0136021
10.0,-9,0.0073412
10.0,-8,0.0085780
10.0,-7,0.0169952
10.0,-6,0.0087877
10.0,-5,0.0041244
10.0,-4,0.0113402
10.0,-3,0.0230972
10.0,-2,0.0119088
10.0,-1,0.0047948
10.0,0,0.0007524
10.0,1,0.0054115
10.0,2,0.0175576
10.0,3,0.0363601
10.0,4,0.0179414
10.0,5,0.0075160
10.0,6,0.0256973
10.0,7,0.0553027
10.0,8,0.0286072
10.0,9,0.0475278
10.0,10,0.1048522
10.0,11,0.0459541
10.0,12,0.0094844
10.0,13,0.0232253
10.0,14,0.0488515
10.0,15,0.0238287
10.0,16,0.0190422
10.0,17,0.0362050
10.0,18,0.0174831
10.0,19,0.0059883
10.0,20,0.0132000
10.0,21,0.0258834
10.0,22,0.0131900
10.0,23,0.0112004
10.0,24,0.0205609
10.0,25,0.0101066
10.0,26,0.0036707
10.0,27,0.0078819
10.0,28,0.0153191
10.0,29,0.0077161
10.0,30,0.0066221
10.0,31,0.0123638
10.0,32,0.0058796
10.0,33,0.0018938
10.0,34,0.0045972
10.0,35,0.0093665
10.0,36,0.0045033
10.0,37,0.0038751
10.0,38,0.0076702
10.0,39,0.0036010
10.0,40,0.0031056
10.0,41,0.0063314
10.0,42,0.0027711
10.0,43,0.0006026
10.0,44,0.0022005
10.0,45,0.0049761
10.0,46,0.0021184
10.0,47,0.0002777
10.0,48,0.0001213
10.0,49,0.0000976
10.0,50,0.0000791
10.0,51,0.0000637
10.0,52,0.0000520
10.0,53,0.0001208
10.0,54,0.0012150
10.0,55,0.0029272
10.0,56,0.0012027
10.0,57,0.0000957
10.0,58,0.0000130
10.0,59,0.0000094
10.0,60,0.0000072
10.0,61,0.0000055
10.0,62,0.0000042
10.0,63,0.0000032
10.0,64,0.0000024
10.0,65,0.0000018
10.0,66,0.0000013
10.0,67,0.0000010
10.0,68,0.0000007
10.0,69,0.0000005
10.0,70,0.0000004
10.0,71,0.0000003
10.0,72,0.0000002
10.0,73,0.0000001
10.0,74,0.0000001
10.5,-75,0.0000000
10.5,-74,0.0000000
10.5,-73,0.0000000
10.5,-72,0.0000000
10.5,-71,0.0000000
10.5,-70,0.0000000
10.5,-69,0.0000000
10.5,-68,0.0000000
10.5,-67,0.0000000
10.5,-66,0.0000000
10.5,-65,0.0000000
10.5,-64,0.0000000
10.5,-63,0.0000000
10.5,-62,0.0000000
10.5,-61,0.0000000
10.5,-60,0.0000000
10.5,-59,0.0000000
10.5,-58,0.0000000
10.5,-57,0.0000000
10.5,-56,0.0000000
10.5,-55,0.0000001
10.5,-54,0.0000001
10.5,-53,0.0000001
10.5,-52,0.0000002
10.5,-51,0.0000002
10.5,-50,0.0000003
10.5,-49,0.0000005
10.5,-48,0.0000006
10.5,-47,0.0000008
10.5,-46,0.0000011
10.5,-45,0.0000015
10.5,-44,0.0000020
10.5,-43,0.0000027
10.5,-42,0.0000036
10.5,-41,0.0000055
10.5,-40,0.0000738
10.5,-39,0.0010062
10.5,-38,0.0024594
10.5,-37,0.0010127
10.5,-36,0.0001666
10.5,-35,0.0012258
10.5,-34,0.0029804
10.5,-33,0.0013329
10.5,-32,0.0015162
10.5,-31,0.0034683
10.5,-30,0.0015696
10.5,-29,0.0017939
10.5,-28,0.0040655
10.5,-27,0.0017464
10.5,-26,0.0004039
10.5,-25,0.0021776
10.5,-24,0.0051008
10.5,-23,0.0024225
10.5,-22,0.0027994
10.5,-21,0.0061189
10.5,-20,0.0028049
10.5,-19,0.0009075
10.5,-18,0.0035684
10.5,-17,0.0079287
10.5,-16,0.0040311
10.5,-15,0.0046920
10.5,-14,0.0097354
10.5,-13,0.0048086
10.5,-12,0.0020117
10.5,-11,0.0061729
10.5,-10,0.0129598
10.5,-9,0.0069758
10.5,-8,0.0081483
10.5,-7,0.0161771
10.5,-6,0.0083550
10.5,-5,0.0039124
10.5,-4,0.0107730
10.5,-3,0.0219502
10.5,-2,0.0113338
10.5,-1,0.0045889
10.5,0,0.0007435
10.5,1,0.0051979
10.5,2,0.0166466
10.5,3,0.0343606
10.5,4,0.0170433
10.5,5,0.0072263
10.5,6,0.0240314
10.5,7,0.0514016
10.5,8,0.0263656
10.5,9,0.0384563
10.5,10,0.0832315
10.5,11,0.0411459
10.5,12,0.0098926
10.5,13,0.0267964
10.5,14,0.0567907
10.5,15,0.0275435
10.5,16,0.0217876
10.5,17,0.0415935
10.5,18,0.0200128
10.5,19,0.0067648
10.5,20,0.0150245
10.5,21,0.0295510
10.5,22,0.0150423
10.5,23,0.0127507
10.5,24,0.0234263
10.5,25,0.0115224
10.5,26,0.0041949
10.5,27,0.0089802
10.5,28,0.0174290
10.5,29,0.0087990
10.5,30,0.0075496
10.5,31,0.0140552
10.5,32,0.0067079
10.5,33,0.0021901
10.5,34,0.0052440
10.5,35,0.0106338
10.5,36,0.0051325
10.5,37,0.0044154
10.5,38,0.0086968
10.5,39,0.0040989
10.5,40,0.0035334
10.5,41,0.0071680
10.5,42,0.0031496
10.5,43,0.0007009
10.5,44,0.0024977
10.5,45,0.0056214
10.5,46,0.0024003
10.5,47,0.0003251
10.5,48,0.0001471
10.5,49,0.0001188
10.5,50,0.0000965
10.5,51,0.0000780
10.5,52,0.0000637
10.5,53,0.0001401
10.5,54,0.0013686
10.5,55,0.0032917
10.5,56,0.0013536
10.5,57,0.0001094
10.5,58,0.0000161
10.5,59,0.0000117
10.5,60,0.0000090
10.5,61,0.0000069
10.5,62,0.0000053
10.5,63,0.0000040
10.5,64,0.0000030
10.5,65,0.0000023
10.5,66,0.0000017
10.5,67,0.0000013
10.5,68,0.0000009
10.5,69,0.0000007
10.5,70,0.0000005
10.5,71,0.0000004
10.5,72,0.0000003
10.5,73,0.0000002
10.5,74,0.0000001
11.0,-75,0.0000000
11.0,-74,0.0000000
11.0,-73,0.0000000
11.0,-72,0.0000000
11.0,-71,0.0000000
11.0,-70,0.0000000
11.0,-69,0.0000000
11.0,-68,0.0000000
11.0,-67,0.0000000
11.0,-66,0.0000000
11.0,-65,0.0000000
11.0,-64,0.0000000
11.0,-63,0.0000000
11.0,-62,0.0000000
11.0,-61,0.0000000
11.0,-60,0.0000000
11.0,-59,0.0000000
11.0,-58,0.0000000
11.0,-57,0.0000000
11.0,-56,0.0000000
11.0,-55,0.0000001
11.0,-54,0.0000001
11.0,-53,0.0000001
11.0,-52,0.0000002
11.0,-51,0.0000002
11.0,-50,0.0000003
11.0,-49,0.0000004
11.0,-48,0.0000005
11.0,-47,0.0000007
11.0,-46,0.0000010
11.0,-45,0.0000013
11.0,-44,0.0000018
11.0,-43,0.0000024
11.0,-42,0.0000032
11.0,-41,0.0000050
11.0,-40,0.0000731
11.0,-39,0.0010042
11.0,-38,0.0024555
11.0,-37,0.0010102
11.0,-36,0.0001646
11.0,-35,0.0012213
11.0,-34,0.0029720
11.0,-33,0.0013270
11.0,-32,0.0015084
11.0,-31,0.0034544
11.0,-30,0.0015596
11.0,-29,0.0017810
11.0,-28,0.0040434
11.0,-27,0.0017308
11.0,-26,0.0003911
11.0,-25,0.0021546
11.0,-24,0.0050621
11.0,-23,0.0023937
11.0,-22,0.0027642
11.0,-21,0.0060618
11.0,-20,0.0027638
11.0,-19,0.0008740
11.0,-18,0.0035122
11.0,-17,0.0078369
11.0,-16,0.0039648
11.0,-15,0.0046133
11.0,-14,0.0096086
11.0,-13,0.0047232
11.0,-12,0.0019489
11.0,-11,0.0060616
11.0,-10,0.0127708
11.0,-9,0.0068540
11.0,-8,0.0080036
11.0,-7,0.0159257
11.0,-6,0.0082132
11.0,-5,0.0038342
11.0,-4,0.0105829
11.0,-3,0.0215763
11.0,-2,0.0111533
11.0,-1,0.0045363
11.0,0,0.0007599
11.0,1,0.0051584
11.0,2,0.0163318
11.0,3,0.0336115
11.0,4,0.0167539
11.0,5,0.0071865
11.0,6,0.0233117
11.0,7,0.0495798
11.0,8,0.0254733
11.0,9,0.0354830
11.0,10,0.0759406
11.0,11,0.0358041
11.0,12,0.0098067
11.0,13,0.0284676
11.0,14,0.0607990
11.0,15,0.0293065
11.0,16,0.0229055
11.0,17,0.0439088
11.0,18,0.0210439
11.0,19,0.0070090
11.0,20,0.0156963
11.0,21,0.0309769
11.0,22,0.0157460
11.0,23,0.0133207
11.0,24,0.0245006
11.0,25,0.0120552
11.0,26,0.0043954
11.0,27,0.0093880
11.0,28,0.0182002
11.0,29,0.0092077
11.0,30,0.0078979
11.0,31,0.0146650
11.0,32,0.0070230
11.0,33,0.0023227
11.0,34,0.0054897
11.0,35,0.0110812
11.0,36,0.0053690
11.0,37,0.0046177
11.0,38,0.0090515
11.0,39,0.0042827
11.0,40,0.0036903
11.0,41,0.0074492
11.0,42,0.0032864
11.0,43,0.0007483
11.0,44,0.0026027
11.0,45,0.0058293
11.0,46,0.0024970
11.0,47,0.0003494
11.0,48,0.0001634
11.0,49,0.0001324
11.0,50,0.0001078
11.0,51,0.0000874
11.0,52,0.0000715
11.0,53,0.0001492
11.0,54,0.0014152
11.0,55,0.0033975
11.0,56,0.0013983
11.0,57,0.0001149
11.0,58,0.0000183
11.0,59,0.0000134
11.0,60,0.0000103
11.0,61,0.0000080
11.0,62,0.0000061
11.0,63,0.0000046
11.0,64,0.0000035
11.0,65,0.0000026
11.0,66,0.0000020
11.0,67,0.0000015
11.0,68,0.0000011
11.0,69,0.0000008
11.0,70,0.0000006
11.0,71,0.0000004
11.0,72,0.0000003
11.0,73,0.0000002
11.0,74,0.0000002
11.5,-75,0.0000000
11.5,-74,0.0000000
11.5,-73,0.0000000
11.5,-72,0.0000000
11.5,-71,0.0000000
11.5,-70,0.0000000
11.5,-69,0.0000000
11.5,-68,0.0000000
11.5,-67,0.0000000
11.5,-66,0.0000000
11.5,-65,0.0000000
11.5,-64,0.0000000
11.5,-63,0.0000000
11.5,-62,0.0000000
11.5,-61,0.0000000
11.5,-60,0.0000000
11.5,-59,0.0000000
11.5,-58,0.0000000
11.5,-57,0.0000000
11.5,-56,0.0000000
11.5,-55,0.0000000
11.5,-54,0.0000001
11.5,-53,0.0000001
11.5,-52,0.0000001
11.5,-51,0.0000002
11.5,-50,0.0000002
11.5,-49,0.0000003
11.5,-48,0.0000005
11.5,-47,0.0000006
11.5,-46,0.0000009
11.5,-45,0.0000012
11.5,-44,0.0000016
11.5,-43,0.0000021
11.5,-42,0.0000028
11.5,-41,0.0000045
11.5,-40,0.0000724
11.5,-39,0.0010020
11.5,-38,0.0024510
11.5,-37,0.0010075
11.5,-36,0.0001628
11.5,-35,0.0012167
11.5,-34,0.0029631
11.5,-33,0.0013211
11.5,-32,0.0015005
11.5,-31,0.0034401
11.5,-30,0.0015497
11.5,-29,0.0017683
11.5,-28,0.0040211
11.5,-27,0.0017155
11.5,-26,0.0003789
11.5,-25,0.0021320
11.5,-24,0.0050234
11.5,-23,0.0023654
11.5,-22,0.0027295
11.5,-21,0.0060050
11.5,-20,0.0027234
11.5,-19,0.0008415
11.5,-18,0.0034567
11.5,-17,0.0077456
11.5,-16,0.0038991
11.5,-15,0.0045351
11.5,-14,0.0094822
11.5,-13,0.0046381
11.5,-12,0.0018861
11.5,-11,0.0059504
11.5,-10,0.0125824
11.5,-9,0.0067317
11.5,-8,0.0078586
11.5,-7,0.0156752
11.5,-6,0.0080698
11.5,-5,0.0037529
11.5,-4,0.0103921
11.5,-3,0.0212064
11.5,-2,0.0109707
11.5,-1,0.0044776
11.5,0,0.0007763
11.5,1,0.0051129
11.5,2,0.0160266
11.5,3,0.0328966
11.5,4,0.0164735
11.5,5,0.0071447
11.5,6,0.0226623
11.5,7,0.0479436
11.5,8,0.0247114
11.5,9,0.0333917
11.5,10,0.0708127
11.5,11,0.0323307
11.5,12,0.0096582
11.5,13,0.0299249
11.5,14,0.0644248
11.5,15,0.0308480
11.5,16,0.0237655
11.5,17,0.0457471
11.5,18,0.0218315
11.5,19,0.0071528
11.5,20,0.0161634
11.5,21,0.0320165
11.5,22,0.0162470
11.5,23,0.0137136
11.5,24,0.0252583
11.5,25,0.0124291
11.5,26,0.0045343
11.5,27,0.0096699
11.5,28,0.0187315
11.5,29,0.0094945
11.5,30,0.0081411
11.5,31,0.0150806
11.5,32,0.0072457
11.5,33,0.0024256
11.5,34,0.0056632
11.5,35,0.0113813
11.5,36,0.0055353
11.5,37,0.0047597
11.5,38,0.0092855
11.5,39,0.0044107
11.5,40,0.0037991
11.5,41,0.0076308
11.5,42,0.0033802
11.5,43,0.0007874
11.5,44,0.0026737
11.5,45,0.0059585
11.5,46,0.0025607
11.5,47,0.0003702
11.5,48,0.0001787
11.5,49,0.0001453
11.5,50,0.0001187
11.5,51,0.0000964
11.5,52,0.0000790
11.5,53,0.0001569
11.5,54,0.0014425
11.5,55,0.0034562
11.5,56,0.0014239
11.5,57,0.0001191
11.5,58,0.0000205
11.5,59,0.0000151
11.5,60,0.0000117
11.5,61,0.0000090
11.5,62,0.0000069
11.5,63,0.0000053
11.5,64,0.0000040
11.5,65,0.0000030
11.5,66,0.0000023
11.5,67,0.0000017
11.5,68,0.0000013
11.5,69,0.0000009
11.5,70,0.0000007
11.5,71,0.0000005
11.5,72,0.0000004
11.5,73,0.0000003
11.5,74,0.0000002
12.0,-75,0.0000000
12.0,-74,0.0000000
12.0,-73,0.0000000
12.0,-72,0.0000000
12.0,-71,0.0000000
12.0,-70,0.0000000
12.0,-69,0.0000000
12.0,-68,0.0000000
12.0,-67,0.0000000
12.0,-66,0.0000000
12.0,-65,0.0000000
12.0,-64,0.0000000
12.0,-63,0.0000000
12.0,-62,0.0000000
12.0,-61,0.0000000
12.0,-60,0.0000000
12.0,-59,0.0000000
12.0,-58,0.0000000
12.0,-57,0.0000000
12.0,-56,0.0000000
12.0,-55,0.0000000
12.0,-54,0.0000001
12.0,-53,0.0000001
12.0,-52,0.0000001
12.0,-51,0.0000002
12.0,-50,0.0000002
12.0,-49,0.0000003
12.0,-48,0.0000004
12.0,-47,0.0000006
12.0,-46,0.0000008
12.0,-45,0.0000011
12.0,-44,0.0000014
12.0,-43,0.0000019
12.0,-42,0.0000026
12.0,-41,0.0000042
12.0,-40,0.0000731
12.0,-39,0.0010190
12.0,-38,0.0024934
12.0,-37,0.0010241
12.0,-36,0.0001641
12.0,-35,0.0012354
12.0,-34,0.0030107
12.0,-33,0.0013405
12.0,-32,0.0015215
12.0,-31,0.0034915
12.0,-30,0.0015696
12.0,-29,0.0017897
12.0,-28,0.0040759
12.0,-27,0.0017333
12.0,-26,0.0003744
12.0,-25,0.0021506
12.0,-24,0.0050810
12.0,-23,0.0023828
12.0,-22,0.0027475
12.0,-21,0.0060633
12.0,-20,0.0027355
12.0,-19,0.0008256
12.0,-18,0.0034678
12.0,-17,0.0078029
12.0,-16,0.0039082
12.0,-15,0.0045440
12.0,-14,0.0095374
12.0,-13,0.0046414
12.0,-12,0.0018587
12.0,-11,0.0059525
12.0,-10,0.0126343
12.0,-9,0.0067369
12.0,-8,0.0078626
12.0,-7,0.0157240
12.0,-6,0.0080783
12.0,-5,0.0037396
12.0,-4,0.0103981
12.0,-3,0.0212430
12.0,-2,0.0109946
12.0,-1,0.0044985
12.0,0,0.0008081
12.0,1,0.0051592
12.0,2,0.0160333
12.0,3,0.0328341
12.0,4,0.0165133
12.0,5,0.0072369
12.0,6,0.0224950
12.0,7,0.0473549
12.0,8,0.0245009
12.0,9,0.0323702
12.0,10,0.0680967
12.0,11,0.0313670
12.0,12,0.0093833
12.0,13,0.0307096
12.0,14,0.0666696
12.0,15,0.0316918
12.0,16,0.0239875
12.0,17,0.0463625
12.0,18,0.0220236
12.0,19,0.0070852
12.0,20,0.0161672
12.0,21,0.0321526
12.0,22,0.0162835
12.0,23,0.0137097
12.0,24,0.0252931
12.0,25,0.0124438
12.0,26,0.0045379
12.0,27,0.0096703
12.0,28,0.0187228
12.0,29,0.0095062
12.0,30,0.0081479
12.0,31,0.0150608
12.0,32,0.0072587
12.0,33,0.0024578
12.0,34,0.0056730
12.0,35,0.0113529
12.0,36,0.0055421
12.0,37,0.0047646
12.0,38,0.0092516
12.0,39,0.0044119
12.0,40,0.0037988
12.0,41,0.0075923
12.0,42,0.0033772
12.0,43,0.0008047
12.0,44,0.0026680
12.0,45,0.0059158
12.0,46,0.0025510
12.0,47,0.0003811
12.0,48,0.0001895
12.0,49,0.0001546
12.0,50,0.0001266
12.0,51,0.0001031
12.0,52,0.0000846
12.0,53,0.0001604
12.0,54,0.0014282
12.0,55,0.0034148
12.0,56,0.0014084
12.0,57,0.0001200
12.0,58,0.0000222
12.0,59,0.0000165
12.0,60,0.0000128
12.0,61,0.0000099
12.0,62,0.0000076
12.0,63,0.0000058
12.0,64,0.0000044
12.0,65,0.0000033
12.0,66,0.0000025
12.0,67,0.0000019
12.0,68,0.0000014
12.0,69,0.0000010
12.0,70,0.0000008
12.0,71,0.0000006
12.0,72,0.0000004
12.0,73,0.0000003
12.0,74,0.0000002
12.5,-75,0.0000000
12.5,-74,0.0000000
12.5,-73,0.0000000
12.5,-72,0.0000000
12.5,-71,0.0000000
12.5,-70,0.0000000
12.5,-69,0.0000000
12.5,-68,0.0000000
12.5,-67,0.0000000
12.5,-66,0.0000000
12.5,-65,0.0000000
12.5,-64,0.0000000
12.5,-63,0.0000000
12.5,-62,0.0000000
12.5,-61,0.0000000
12.5,-60,0.0000000
12.5,-59,0.0000000
12.5,-58,0.0000000
12.5,-57,0.0000000
12.5,-56,0.0000000
12.5,-55,0.0000000
12.5,-54,0.0000001
12.5,-53,0.0000001
12.5,-52,0.0000001
12.5,-51,0.0000001
12.5,-50,0.0000002
12.5,-49,0.0000003
12.5,-48,0.0000004
12.5,-47,0.0000005
12.5,-46,0.0000007
12.5,-45,0.0000010
12.5,-44,0.0000013
12.5,-43,0.0000017
12.5,-42,0.0000023
12.5,-41,0.0000031
12.5,-40,0.0000041
12.5,-39,0.0000054
12.5,-38,0.0000071
12.5,-37,0.0000102
12.5,-36,0.0000964
12.5,-35,0.0012611
12.5,-34,0.0030771
12.5,-33,0.0013683
12.5,-32,0.0015519
12.5,-31,0.0035646
12.5,-30,0.0015994
12.5,-29,0.0018221
12.5,-28,0.0041558
12.5,-27,0.0017619
12.5,-26,0.0003724
12.5,-25,0.0021826
12.5,-24,0.0051700
12.5,-23,0.0024150
12.5,-22,0.0027825
12.5,-21,0.0061589
12.5,-20,0.0027644
12.5,-19,0.0008146
12.5,-18,0.0034998
12.5,-17,0.0079074
12.5,-16,0.0039406
12.5,-15,0.0045798
12.5,-14,0.0096498
12.5,-13,0.0046718
12.5,-12,0.0018411
12.5,-11,0.0059890
12.5,-10,0.0127610
12.5,-9,0.0067802
12.5,-8,0.0079113
12.5,-7,0.0158652
12.5,-6,0.0081318
12.5,-5,0.0037443
12.5,-4,0.0104628
12.5,-3,0.0214049
12.5,-2,0.0110798
12.5,-1,0.0045400
12.5,0,0.0008460
12.5,1,0.0052306
12.5,2,0.0161374
12.5,3,0.0329811
12.5,4,0.0166538
12.5,5,0.0073698
12.5,6,0.0224939
12.5,7,0.0471351
12.5,8,0.0244866
12.5,9,0.0317840
12.5,10,0.0663795
12.5,11,0.0308329
12.5,12,0.0099513
12.5,13,0.0316436
12.5,14,0.0693076
12.5,15,0.0326820
12.5,16,0.0241862
12.5,17,0.0469246
12.5,18,0.0221806
12.5,19,0.0069928
12.5,20,0.0161234
12.5,21,0.0322040
12.5,22,0.0162722
12.5,23,0.0136613
12.5,24,0.0252524
12.5,25,0.0124177
12.5,26,0.0045224
12.5,27,0.0096369
12.5,28,0.0186547
12.5,29,0.0094856
12.5,30,0.0081265
12.5,31,0.0149928
12.5,32,0.0072471
12.5,33,0.0024800
12.5,34,0.0056635
12.5,35,0.0112887
12.5,36,0.0055309
12.5,37,0.0047541
12.5,38,0.0091891
12.5,39,0.0043993
12.5,40,0.0037868
12.5,41,0.0075306
12.5,42,0.0033639
12.5,43,0.0008196
12.5,44,0.0026545
12.5,45,0.0058554
12.5,46,0.0025338
12.5,47,0.0003912
12.5,48,0.0002001
12.5,49,0.0001637
12.5,50,0.0001344
12.5,51,0.0001098
12.5,52,0.0000902
12.5,53,0.0001636
12.5,54,0.0014098
12.5,55,0.0033633
12.5,56,0.0013887
12.5,57,0.0001207
12.5,58,0.0000240
12.5,59,0.0000179
12.5,60,0.0000140
12.5,61,0.0000108
12.5,62,0.0000083
12.5,63,0.0000064
12.5,64,0.0000049
12.5,65,0.0000037
12.5,66,0.0000028
12.5,67,0.0000021
12.5,68,0.0000016
12.5,69,0.0000012
12.5,70,0.0000009
12.5,71,0.0000006
12.5,72,0.0000005
12.5,73,0.0000003
12.5,74,0.0000002
13.0,-75,0.0000000
13.0,-74,0.0000000
13.0,-73,0.0000000
13.0,-72,0.0000000
13.0,-71,0.0000000
13.0,-70,0.0000000
13.0,-69,0.0000000
13.0,-68,0.0000000
13.0,-67,0.0000000
13.0,-66,0.0000000
13.0,-65,0.0000000
13.0,-64,0.0000000
13.0,-63,0.0000000
13.0,-62,0.0000000
13.0,-61,0.0000000
13.0,-60,0.0000000
13.0,-59,0.0000000
13.0,-58,0.0000000
13.0,-57,0.0000000
13.0,-56,0.0000000
13.0,-55,0.0000000
13.0,-54,0.0000000
13.0,-53,0.0000001
13.0,-52,0.0000001
13.0,-51,0.0000001
13.0,-50,0.0000002
13.0,-49,0.0000002
13.0,-48,0.0000003
13.0,-47,0.0000004
13.0,-46,0.0000006
13.0,-45,0.0000008
13.0,-44,0.0000011
13.0,-43,0.0000015
13.0,-42,0.0000020
13.0,-41,0.0000027
13.0,-40,0.0000036
13.0,-39,0.0000048
13.0,-38,0.0000063
13.0,-37,0.0000091
13.0,-36,0.0000937
13.0,-35,0.0012398
13.0,-34,0.0030269
13.0,-33,0.0013444
13.0,-32,0.0015238
13.0,-31,0.0035029
13.0,-30,0.0015689
13.0,-29,0.0017860
13.0,-28,0.0040788
13.0,-27,0.0017243
13.0,-26,0.0003568
13.0,-25,0.0021325
13.0,-24,0.0050639
13.0,-23,0.0023564
13.0,-22,0.0027129
13.0,-21,0.0060222
13.0,-20,0.0026895
13.0,-19,0.0007737
13.0,-18,0.0034004
13.0,-17,0.0077138
13.0,-16,0.0038248
13.0,-15,0.0044433
13.0,-14,0.0093983
13.0,-13,0.0045260
13.0,-12,0.0017540
13.0,-11,0.0057994
13.0,-10,0.0124060
13.0,-9,0.0065670
13.0,-8,0.0076608
13.0,-7,0.0154075
13.0,-6,0.0078765
13.0,-5,0.0036047
13.0,-4,0.0101311
13.0,-3,0.0207601
13.0,-2,0.0107439
13.0,-1,0.0044044
13.0,0,0.0008523
13.0,1,0.0050983
13.0,2,0.0156356
13.0,3,0.0319016
13.0,4,0.0161682
13.0,5,0.0072197
13.0,6,0.0216765
13.0,7,0.0452289
13.0,8,0.0235941
13.0,9,0.0301876
13.0,10,0.0626269
13.0,11,0.0293234
13.0,12,0.0101015
13.0,13,0.0358646
13.0,14,0.0741919
13.0,15,0.0346660
13.0,16,0.0248867
13.0,17,0.0484381
13.0,18,0.0227749
13.0,19,0.0070210
13.0,20,0.0163682
13.0,21,0.0328442
13.0,22,0.0165524
13.0,23,0.0138523
13.0,24,0.0256617
13.0,25,0.0126090
13.0,26,0.0045814
13.0,27,0.0097698
13.0,28,0.0189145
13.0,29,0.0096297
13.0,30,0.0082455
13.0,31,0.0151875
13.0,32,0.0073614
13.0,33,0.0025440
13.0,34,0.0057524
13.0,35,0.0114224
13.0,36,0.0056164
13.0,37,0.0048268
13.0,38,0.0092880
13.0,39,0.0044641
13.0,40,0.0038414
13.0,41,0.0076016
13.0,42,0.0034102
13.0,43,0.0008494
13.0,44,0.0026881
13.0,45,0.0058983
13.0,46,0.0025617
13.0,47,0.0004086
13.0,48,0.0002146
13.0,49,0.0001762
13.0,50,0.0001451
13.0,51,0.0001188
13.0,52,0.0000978
13.0,53,0.0001700
13.0,54,0.0014165
13.0,55,0.0033710
13.0,56,0.0013937
13.0,57,0.0001237
13.0,58,0.0000263
13.0,59,0.0000198
13.0,60,0.0000155
13.0,61,0.0000120
13.0,62,0.0000093
13.0,63,0.0000071
13.0,64,0.0000055
13.0,65,0.0000041
13.0,66,0.0000031
13.0,67,0.0000024
13.0,68,0.0000018
13.0,69,0.0000013
13.0,70,0.0000010
13.0,71,0.0000007
13.0,72,0.0000005
13.0,73,0.0000004
13.0,74,0.0000003
13.5,-75,0.0000000
13.5,-74,0.0000000
13.5,-73,0.0000000
13.5,-72,0.0000000
13.5,-71,0.0000000
13.5,-70,0.0000000
13.5,-69,0.0000000
13.5,-68,0.0000000
13.5,-67,0.0000000
13.5,-66,0.0000000
13.5,-65,0.0000000
13.5,-64,0.0000000
13.5,-63,0.0000000
13.5,-62,0.0000000
13.5,-61,0.0000000
13.5,-60,0.0000000
13.5,-59,0.0000000
13.5,-58,0.0000000
13.5,-57,0.0000000
13.5,-56,0.0000000
13.5,-55,0.0000000
13.5,-54,0.0000000
13.5,-53,0.0000001
13.5,-52,0.0000001
13.5,-51,0.0000001
13.5,-50,0.0000001
13.5,-49,0.0000002
13.5,-48,0.0000003
13.5,-47,0.0000004
13.5,-46,0.0000005
13.5,-45,0.0000007
13.5,-44,0.0000010
13.5,-43,0.0000013
13.5,-42,0.0000017
13.5,-41,0.0000023
13.5,-40,0.0000031
13.5,-39,0.0000041
13.5,-38,0.0000054
13.5,-37,0.0000080
13.5,-36,0.0000896
13.5,-35,0.0011985
13.5,-34,0.0029278
13.5,-33,0.0012990
13.5,-32,0.0014713
13.5,-31,0.0033848
13.5,-30,0.0015134
13.5,-29,0.0017215
13.5,-28,0.0039364
13.5,-27,0.0016596
13.5,-26,0.0003364
13.5,-25,0.0020491
13.5,-24,0.0048775
13.5,-23,0.0022614
13.5,-22,0.0026015
13.5,-21,0.0057907
13.5,-20,0.0025735
13.5,-19,0.0007225
13.5,-18,0.0032492
13.5,-17,0.0074000
13.5,-16,0.0036508
13.5,-15,0.0042391
13.5,-14,0.0090010
13.5,-13,0.0043115
13.5,-12,0.0016418
13.5,-11,0.0055215
13.5,-10,0.0118595
13.5,-9,0.0062531
13.5,-8,0.0072930
13.5,-7,0.0147126
13.5,-6,0.0074996
13.5,-5,0.0034086
13.5,-4,0.0096436
13.5,-3,0.0197979
13.5,-2,0.0102406
13.5,-1,0.0041958
13.5,0,0.0008442
13.5,1,0.0048805
13.5,2,0.0148971
13.5,3,0.0303528
13.5,4,0.0154353
13.5,5,0.0069498
13.5,6,0.0205600
13.5,7,0.0427308
13.5,8,0.0223834
13.5,9,0.0282966
13.5,10,0.0583436
13.5,11,0.0275291
13.5,12,0.0101631
13.5,13,0.0422709
13.5,14,0.0813085
13.5,15,0.0375678
13.5,16,0.0257565
13.5,17,0.0502140
13.5,18,0.0234762
13.5,19,0.0070594
13.5,20,0.0166496
13.5,21,0.0335735
13.5,22,0.0168707
13.5,23,0.0140680
13.5,24,0.0261253
13.5,25,0.0128229
13.5,26,0.0046434
13.5,27,0.0099170
13.5,28,0.0192082
13.5,29,0.0097891
13.5,30,0.0083768
13.5,31,0.0154081
13.5,32,0.0074873
13.5,33,0.0026111
13.5,34,0.0058504
13.5,35,0.0115755
13.5,36,0.0057115
13.5,37,0.0049077
13.5,38,0.0094029
13.5,39,0.0045369
13.5,40,0.0039030
13.5,41,0.0076858
13.5,42,0.0034628
13.5,43,0.0008815
13.5,44,0.0027268
13.5,45,0.0059514
13.5,46,0.0025944
13.5,47,0.0004274
13.5,48,0.0002302
13.5,49,0.0001896
13.5,50,0.0001565
13.5,51,0.0001285
13.5,52,0.0001060
13.5,53,0.0001771
13.5,54,0.0014256
13.5,55,0.0033841
13.5,56,0.0014010
13.5,57,0.0001271
13.5,58,0.0000289
13.5,59,0.0000219
13.5,60,0.0000172
13.5,61,0.0000134
13.5,62,0.0000103
13.5,63,0.0000080
13.5,64,0.0000061
13.5,65,0.0000047
13.5,66,0.0000035
13.5,67,0.0000027
13.5,68,0.0000020
13.5,69,0.0000015
13.5,70,0.0000011
13.5,71,0.0000008
13.5,72,0.0000006
13.5,73,0.0000004
13.5,74,0.0000003
14.0,-75,0.0000000
14.0,-74,0.0000000
14.0,-73,0.0000000
14.0,-72,0.0000000
14.0,-71,0.0000000
14.0,-70,0.0000000
14.0,-69,0.0000000
14.0,-68,0.0000000
14.0,-67,0.0000000
14.0,-66,0.0000000
14.0,-65,0.0000000
14.0,-64,0.0000000
14.0,-63,0.0000000
14.0,-62,0.0000000
14.0,-61,0.0000000
14.0,-60,0.0000000
14.0,-59,0.0000000
14.0,-58,0.0000000
14.0,-57,0.0000000
14.0,-56,0.0000000
14.0,-55,0.0000000
14.0,-54,0.0000000
14.0,-53,0.0000000
14.0,-52,0.0000001
14.0,-51,0.0000001
14.0,-50,0.0000001
14.0,-49,0.0000002
14.0,-48,0.0000002
14.0,-47,0.0000003
14.0,-46,0.0000004
14.0,-45,0.0000005
14.0,-44,0.0000007
14.0,-43,0.0000010
14.0,-42,0.0000014
14.0,-41,0.0000018
14.0,-40,0.0000024
14.0,-39,0.0000032
14.0,-38,0.0000043
14.0,-37,0.0000065
14.0,-36,0.0000789
14.0,-35,0.0010655
14.0,-34,0.0026041
14.0,-33,0.0011542
14.0,-32,0.0013064
14.0,-31,0.0030077
14.0,-30,0.0013426
14.0,-29,0.0015261
14.0,-28,0.0034937
14.0,-27,0.0014691
14.0,-26,0.0002920
14.0,-25,0.0018112
14.0,-24,0.0043206
14.0,-23,0.0019962
14.0,-22,0.0022945
14.0,-21,0.0051210
14.0,-20,0.0022651
14.0,-19,0.0006206
14.0,-18,0.0028556
14.0,-17,0.0065289
14.0,-16,0.0032050
14.0,-15,0.0037196
14.0,-14,0.0079282
14.0,-13,0.0037770
14.0,-12,0.0014124
14.0,-11,0.0048341
14.0,-10,0.0104260
14.0,-9,0.0054748
14.0,-8,0.0063838
14.0,-7,0.0129194
14.0,-6,0.0065648
14.0,-5,0.0029610
14.0,-4,0.0084396
14.0,-3,0.0173623
14.0,-2,0.0089733
14.0,-1,0.0036710
14.0,0,0.0007688
14.0,1,0.0042913
14.0,2,0.0130526
14.0,3,0.0265659
14.0,4,0.0135508
14.0,5,0.0061475
14.0,6,0.0179477
14.0,7,0.0371672
14.0,8,0.0195483
14.0,9,0.0244620
14.0,10,0.0501498
14.0,11,0.0238426
14.0,12,0.0097365
14.0,13,0.0471754
14.0,14,0.1047283
14.0,15,0.0462161
14.0,16,0.0278177
14.0,17,0.0537764
14.0,18,0.0249881
14.0,19,0.0073086
14.0,20,0.0174462
14.0,21,0.0353638
14.0,22,0.0177128
14.0,23,0.0147107
14.0,24,0.0273928
14.0,25,0.0134263
14.0,26,0.0048405
14.0,27,0.0103612
14.0,28,0.0200842
14.0,29,0.0102434
14.0,30,0.0087594
14.0,31,0.0160939
14.0,32,0.0078389
14.0,33,0.0027564
14.0,34,0.0061244
14.0,35,0.0120773
14.0,36,0.0059791
14.0,37,0.0051369
14.0,38,0.0098009
14.0,39,0.0047471
14.0,40,0.0040828
14.0,41,0.0080012
14.0,42,0.0036205
14.0,43,0.0009415
14.0,44,0.0028483
14.0,45,0.0061832
14.0,46,0.0027058
14.0,47,0.0004603
14.0,48,0.0002539
14.0,49,0.0002098
14.0,50,0.0001736
14.0,51,0.0001430
14.0,52,0.0001181
14.0,53,0.0001902
14.0,54,0.0014775
14.0,55,0.0034978
14.0,56,0.0014502
14.0,57,0.0001346
14.0,58,0.0000326
14.0,59,0.0000249
14.0,60,0.0000195
14.0,61,0.0000153
14.0,62,0.0000118
14.0,63,0.0000092
14.0,64,0.0000070
14.0,65,0.0000054
14.0,66,0.0000041
14.0,67,0.0000031
14.0,68,0.0000023
14.0,69,0.0000017
14.0,70,0.0000013
14.0,71,0.0000010
14.0,72,0.0000007
14.0,73,0.0000005
14.0,74,0.0000004
14.5,-75,0.0000000
14.5,-74,0.0000000
14.5,-73,0.0000000
14.5,-72,0.0000000
14.5,-71,0.0000000
14.5,-70,0.0000000
14.5,-69,0.0000000
14.5,-68,0.0000000
14.5,-67,0.0000000
14.5,-66,0.0000000
14.5,-65,0.0000000
14.5,-64,0.0000000
14.5,-63,0.0000000
14.5,-62,0.0000000
14.5,-61,0.0000000
14.5,-60,0.0000000
14.5,-59,0.0000000
14.5,-58,0.0000000
14.5,-57,0.0000000
14.5,-56,0.0000000
14.5,-55,0.0000000
14.5,-54,0.0000000
14.5,-53,0.0000000
14.5,-52,0.0000000
14.5,-51,0.0000001
14.5,-50,0.0000001
14.5,-49,0.0000001
14.5,-48,0.0000002
14.5,-47,0.0000002
14.5,-46,0.0000003
14.5,-45,0.0000005
14.5,-44,0.0000006
14.5,-43,0.0000009
14.5,-42,0.0000012
14.5,-41,0.0000016
14.5,-40,0.0000021
14.5,-39,0.0000028
14.5,-38,0.0000037
14.5,-37,0.0000056
14.5,-36,0.0000751
14.5,-35,0.0010230
14.5,-34,0.0025013
14.5,-33,0.0011076
14.5,-32,0.0012529
14.5,-31,0.0028863
14.5,-30,0.0012865
14.5,-29,0.0014613
14.5,-28,0.0033488
14.5,-27,0.0014048
14.5,-26,0.0002739
14.5,-25,0.0017291
14.5,-24,0.0041337
14.5,-23,0.0019034
14.5,-22,0.0021861
14.5,-21,0.0048914
14.5,-20,0.0021535
14.5,-19,0.0005757
14.5,-18,0.0027109
14.5,-17,0.0062216
14.5,-16,0.0030391
14.5,-15,0.0035252
14.5,-14,0.0075421
14.5,-13,0.0035734
14.5,-12,0.0013113
14.5,-11,0.0045706
14.5,-10,0.0098988
14.5,-9,0.0051759
14.5,-8,0.0060340
14.5,-7,0.0122517
14.5,-6,0.0062045
14.5,-5,0.0027750
14.5,-4,0.0079747
14.5,-3,0.0164435
14.5,-2,0.0084886
14.5,-1,0.0034640
14.5,0,0.0007559
14.5,1,0.0040700
14.5,2,0.0123503
14.5,3,0.0251169
14.5,4,0.0128468
14.5,5,0.0058678
14.5,6,0.0169308
14.5,7,0.0349466
14.5,8,0.0184529
14.5,9,0.0228899
14.5,10,0.0466782
14.5,11,0.0223418
14.5,12,0.0088907
14.5,13,0.0378205
14.5,14,0.0846221
14.5,15,0.0416110
14.5,16,0.0314409
14.5,17,0.0627839
14.5,18,0.0289898
14.5,19,0.0082195
14.5,20,0.0198636
14.5,21,0.0404859
14.5,22,0.0202063
14.5,23,0.0167053
14.5,24,0.0311987
14.5,25,0.0152659
14.5,26,0.0054735
14.5,27,0.0117512
14.5,28,0.0228038
14.5,29,0.0116365
14.5,30,0.0099425
14.5,31,0.0182524
14.5,32,0.0089091
14.5,33,0.0031562
14.5,34,0.0069596
14.5,35,0.0136819
14.5,36,0.0067955
14.5,37,0.0058374
14.5,38,0.0110926
14.5,39,0.0053931
14.5,40,0.0046375
14.5,41,0.0090449
14.5,42,0.0041106
14.5,43,0.0010915
14.5,44,0.0032310
14.5,45,0.0069760
14.5,46,0.0030647
14.5,47,0.0005382
14.5,48,0.0003036
14.5,49,0.0002517
14.5,50,0.0002088
14.5,51,0.0001724
14.5,52,0.0001427
14.5,53,0.0002219
14.5,54,0.0016631
14.5,55,0.0039259
14.5,56,0.0016302
14.5,57,0.0001550
14.5,58,0.0000400
14.5,59,0.0000307
14.5,60,0.0000241
14.5,61,0.0000189
14.5,62,0.0000147
14.5,63,0.0000114
14.5,64,0.0000088
14.5,65,0.0000067
14.5,66,0.0000051
14.5,67,0.0000039
14.5,68,0.0000029
14.5,69,0.0000022
14.5,70,0.0000016
14.5,71,0.0000012
14.5,72,0.0000009
14.5,73,0.0000007
14.5,74,0.0000005
15.0,-75,0.0000000
15.0,-74,0.0000000
15.0,-73,0.0000000
15.0,-72,0.0000000
15.0,-71,0.0000000
15.0,-70,0.0000000
15.0,-69,0.0000000
15.0,-68,0.0000000
15.0,-67,0.0000000
15.0,-66,0.0000000
15.0,-65,0.0000000
15.0,-64,0.0000000
15.0,-63,0.0000000
15.0,-62,0.0000000
15.0,-61,0.0000000
15.0,-60,0.0000000
15.0,-59,0.0000000
15.0,-58,0.0000000
15.0,-57,0.0000000
15.0,-56,0.0000000
15.0,-55,0.0000000
15.0,-54,0.0000000
15.0,-53,0.0000000
15.0,-52,0.0000000
15.0,-51,0.0000001
15.0,-50,0.0000001
15.0,-49,0.0000001
15.0,-48,0.0000002
15.0,-47,0.0000002
15.0,-46,0.0000003
15.0,-45,0.0000004
15.0,-44,0.0000005
15.0,-43,0.0000007
15.0,-42,0.0000010
15.0,-41,0.0000014
15.0,-40,0.0000018
15.0,-39,0.0000024
15.0,-38,0.0000033
15.0,-37,0.0000051
15.0,-36,0.0000741
15.0,-35,0.0010184
15.0,-34,0.0024911
15.0,-33,0.0011022
15.0,-32,0.0012459
15.0,-31,0.0028718
15.0,-30,0.0012783
15.0,-29,0.0014509
15.0,-28,0.0033284
15.0,-27,0.0013931
15.0,-26,0.0002666
15.0,-25,0.0017121
15.0,-24,0.0041010
15.0,-23,0.0018823
15.0,-22,0.0021601
15.0,-21,0.0048449
15.0,-20,0.0021235
15.0,-19,0.0005540
15.0,-18,0.0026691
15.0,-17,0.0061481
15.0,-16,0.0029885
15.0,-15,0.0034646
15.0,-14,0.0074402
15.0,-13,0.0035058
15.0,-12,0.0012616
15.0,-11,0.0044807
15.0,-10,0.0097453
15.0,-9,0.0050733
15.0,-8,0.0059130
15.0,-7,0.0120471
15.0,-6,0.0060787
15.0,-5,0.0026938
15.0,-4,0.0078115
15.0,-3,0.0161473
15.0,-2,0.0083236
15.0,-1,0.0033849
15.0,0,0.0007706
15.0,1,0.0039976
15.0,2,0.0121159
15.0,3,0.0246281
15.0,4,0.0126272
15.0,5,0.0058024
15.0,6,0.0165691
15.0,7,0.0340989
15.0,8,0.0180734
15.0,9,0.0222496
15.0,10,0.0451493
15.0,11,0.0217527
15.0,12,0.0087015
15.0,13,0.0347627
15.0,14,0.0770185
15.0,15,0.0371793
15.0,16,0.0331688
15.0,17,0.0676168
15.0,18,0.0310072
15.0,19,0.0084870
15.0,20,0.0207633
15.0,21,0.0425650
15.0,22,0.0211615
15.0,23,0.0174052
15.0,24,0.0326093
15.0,25,0.0159241
15.0,26,0.0056716
15.0,27,0.0122225
15.0,28,0.0237523
15.0,29,0.0121237
15.0,30,0.0103491
15.0,31,0.0189881
15.0,32,0.0092857
15.0,33,0.0033116
15.0,34,0.0072525
15.0,35,0.0142174
15.0,36,0.0070834
15.0,37,0.0060838
15.0,38,0.0115162
15.0,39,0.0056200
15.0,40,0.0048316
15.0,41,0.0093795
15.0,42,0.0042813
15.0,43,0.0011603
15.0,44,0.0033624
15.0,45,0.0072201
15.0,46,0.0031847
15.0,47,0.0005772
15.0,48,0.0003326
15.0,49,0.0002765
15.0,50,0.0002301
15.0,51,0.0001904
15.0,52,0.0001580
15.0,53,0.0002376
15.0,54,0.0017175
15.0,55,0.0040422
15.0,56,0.0016812
15.0,57,0.0001639
15.0,58,0.0000449
15.0,59,0.0000346
15.0,60,0.0000273
15.0,61,0.0000214
15.0,62,0.0000167
15.0,63,0.0000130
15.0,64,0.0000100
15.0,65,0.0000077
15.0,66,0.0000059
15.0,67,0.0000045
15.0,68,0.0000034
15.0,69,0.0000025
15.0,70,0.0000019
15.0,71,0.0000014
15.0,72,0.0000011
15.0,73,0.0000008
15.0,74,0.0000006
15.5,-75,0.0000000
15.5,-74,0.0000000
15.5,-73,0.0000000
15.5,-72,0.0000000
15.5,-71,0.0000000
15.5,-70,0.0000000
15.5,-69,0.0000000
15.5,-68,0.0000000
15.5,-67,0.0000000
15.5,-66,0.0000000
15.5,-65,0.0000000
15.5,-64,0.0000000
15.5,-63,0.0000000
15.5,-62,0.0000000
15.5,-61,0.0000000
15.5,-60,0.0000000
15.5,-59,0.0000000
15.5,-58,0.0000000
15.5,-57,0.0000000
15.5,-56,0.0000000
15.5,-55,0.0000000
15.5,-54,0.0000000
15.5,-53,0.0000000
15.5,-52,0.0000000
15.5,-51,0.0000000
15.5,-50,0.0000001
15.5,-49,0.0000001
15.5,-48,0.0000001
15.5,-47,0.0000002
15.5,-46,0.0000003
15.5,-45,0.0000003
15.5,-44,0.0000005
15.5,-43,0.0000007
15.5,-42,0.0000009
15.5,-41,0.0000012
15.5,-40,0.0000016
15.5,-39,0.0000022
15.5,-38,0.0000029
15.5,-37,0.0000046
15.5,-36,0.0000731
15.5,-35,0.0010120
15.5,-34,0.0024764
15.5,-33,0.0010948
15.5,-32,0.0012368
15.5,-31,0.0028524
15.5,-30,0.0012681
15.5,-29,0.0014382
15.5,-28,0.0033023
15.5,-27,0.0013793
15.5,-26,0.0002594
15.5,-25,0.0016925
15.5,-24,0.0040616
15.5,-23,0.0018585
15.5,-22,0.0021311
15.5,-21,0.0047908
15.5,-20,0.0020907
15.5,-19,0.0005322
15.5,-18,0.0026238
15.5,-17,0.0060654
15.5,-16,0.0029341
15.5,-15,0.0033996
15.5,-14,0.0073275
15.5,-13,0.0034336
15.5,-12,0.0012109
15.5,-11,0.0043850
15.5,-10,0.0095778
15.5,-9,0.0049635
15.5,-8,0.0057837
15.5,-7,0.0118250
15.5,-6,0.0059436
15.5,-5,0.0026078
15.5,-4,0.0076365
15.5,-3,0.0158281
15.5,-2,0.0081447
15.5,-1,0.0032974
15.5,0,0.0007840
15.5,1,0.0039147
15.5,2,0.0118634
15.5,3,0.0241103
15.5,4,0.0123875
15.5,5,0.0057223
15.5,6,0.0161928
15.5,7,0.0332367
15.5,8,0.0176799
15.5,9,0.0216212
15.5,10,0.0436740
15.5,11,0.0211755
15.5,12,0.0085551
15.5,13,0.0325547
15.5,14,0.0715262
15.5,15,0.0344480
15.5,16,0.0348597
15.5,17,0.0723809
15.5,18,0.0329437
15.5,19,0.0086574
15.5,20,0.0214285
15.5,21,0.0441959
15.5,22,0.0218796
15.5,23,0.0178912
15.5,24,0.0336339
15.5,25,0.0163863
15.5,26,0.0057907
15.5,27,0.0125355
15.5,28,0.0244035
15.5,29,0.0124561
15.5,30,0.0106214
15.5,31,0.0194822
15.5,32,0.0095431
15.5,33,0.0034233
15.5,34,0.0074517
15.5,35,0.0145705
15.5,36,0.0072810
15.5,37,0.0062524
15.5,38,0.0117919
15.5,39,0.0057756
15.5,40,0.0049644
15.5,41,0.0095934
15.5,42,0.0043979
15.5,43,0.0012160
15.5,44,0.0034515
15.5,45,0.0073710
15.5,46,0.0032646
15.5,47,0.0006102
15.5,48,0.0003588
15.5,49,0.0002991
15.5,50,0.0002496
15.5,51,0.0002071
15.5,52,0.0001722
15.5,53,0.0002511
15.5,54,0.0017498
15.5,55,0.0041050
15.5,56,0.0017104
15.5,57,0.0001712
15.5,58,0.0000496
15.5,59,0.0000385
15.5,60,0.0000304
15.5,61,0.0000239
15.5,62,0.0000187
15.5,63,0.0000146
15.5,64,0.0000113
15.5,65,0.0000087
15.5,66,0.0000067
15.5,67,0.0000051
15.5,68,0.0000039
15.5,69,0.0000029
15.5,70,0.0000022
15.5,71,0.0000016
15.5,72,0.0000012
15.5,73,0.0000009
15.5,74,0.0000007
16.0,-75,0.0000000
16.0,-74,0.0000000
16.0,-73,0.0000000
16.0,-72,0.0000000
16.0,-71,0.0000000
16.0,-70,0.0000000
16.0,-69,0.0000000
16.0,-68,0.0000000
16.0,-67,0.0000000
16.0,-66,0.0000000
16.0,-65,0.0000000
16.0,-64,0.0000000
16.0,-63,0.0000000
16.0,-62,0.0000000
16.0,-61,0.0000000
16.0,-60,0.0000000
16.0,-59,0.0000000
16.0,-58,0.0000000
16.0,-57,0.0000000
16.0,-56,0.0000000
16.0,-55,0.0000000
16.0,-54,0.0000000
16.0,-53,0.0000000
16.0,-52,0.0000000
16.0,-51,0.0000000
16.0,-50,0.0000001
16.0,-49,0.0000001
16.0,-48,0.0000001
16.0,-47,0.0000002
16.0,-46,0.0000002
16.0,-45,0.0000003
16.0,-44,0.0000004
16.0,-43,0.0000006
16.0,-42,0.0000008
16.0,-41,0.0000010
16.0,-40,0.0000014
16.0,-39,0.0000019
16.0,-38,0.0000025
16.0,-37,0.0000041
16.0,-36,0.0000717
16.0,-35,0.0009989
16.0,-34,0.0024451
16.0,-33,0.0010802
16.0,-32,0.0012195
16.0,-31,0.0028140
16.0,-30,0.0012495
16.0,-29,0.0014162
16.0,-28,0.0032545
16.0,-27,0.0013566
16.0,-26,0.0002508
16.0,-25,0.0016621
16.0,-24,0.0039958
16.0,-23,0.0018231
16.0,-22,0.0020887
16.0,-21,0.0047059
16.0,-20,0.0020451
16.0,-19,0.0005081
16.0,-18,0.0025624
16.0,-17,0.0059443
16.0,-16,0.0028619
16.0,-15,0.0033138
16.0,-14,0.0071685
16.0,-13,0.0033405
16.0,-12,0.0011539
16.0,-11,0.0042625
16.0,-10,0.0093502
16.0,-9,0.0048231
16.0,-8,0.0056187
16.0,-7,0.0115289
16.0,-6,0.0057712
16.0,-5,0.0025051
16.0,-4,0.0074136
16.0,-3,0.0154104
16.0,-2,0.0079135
16.0,-1,0.0031864
16.0,0,0.0007921
16.0,1,0.0038030
16.0,2,0.0115363
16.0,3,0.0234476
16.0,4,0.0120682
16.0,5,0.0056000
16.0,6,0.0157231
16.0,7,0.0321977
16.0,8,0.0171855
16.0,9,0.0208944
16.0,10,0.0420278
16.0,11,0.0205012
16.0,12,0.0083799
16.0,13,0.0306158
16.0,14,0.0667634
16.0,15,0.0327502
16.0,16,0.0371704
16.0,17,0.0779388
16.0,18,0.0351782
16.0,19,0.0088055
16.0,20,0.0220126
16.0,21,0.0456888
16.0,22,0.0225155
16.0,23,0.0182894
16.0,24,0.0345064
16.0,25,0.0167671
16.0,26,0.0058717
16.0,27,0.0127781
16.0,28,0.0249276
16.0,29,0.0127202
16.0,30,0.0108334
16.0,31,0.0198709
16.0,32,0.0097473
16.0,33,0.0035140
16.0,34,0.0076087
16.0,35,0.0148434
16.0,36,0.0074382
16.0,37,0.0063863
16.0,38,0.0120024
16.0,39,0.0058997
16.0,40,0.0050702
16.0,41,0.0097543
16.0,42,0.0044911
16.0,43,0.0012661
16.0,44,0.0035222
16.0,45,0.0074810
16.0,46,0.0033271
16.0,47,0.0006411
16.0,48,0.0003841
16.0,49,0.0003213
16.0,50,0.0002687
16.0,51,0.0002236
16.0,52,0.0001863
16.0,53,0.0002639
16.0,54,0.0017725
16.0,55,0.0041443
16.0,56,0.0017301
16.0,57,0.0001779
16.0,58,0.0000545
16.0,59,0.0000424
16.0,60,0.0000336
16.0,61,0.0000265
16.0,62,0.0000208
16.0,63,0.0000163
16.0,64,0.0000126
16.0,65,0.0000098
16.0,66,0.0000075
16.0,67,0.0000057
16.0,68,0.0000044
16.0,69,0.0000033
16.0,70,0.0000025
16.0,71,0.0000019
16.0,72,0.0000014
16.0,73,0.0000010
16.0,74,0.0000008
16.5,-75,0.0000000
16.5,-74,0.0000000
16.5,-73,0.0000000
16.5,-72,0.0000000
16.5,-71,0.0000000
16.5,-70,0.0000000
16.5,-69,0.0000000
16.5,-68,0.0000000
16.5,-67,0.0000000
16.5,-66,0.0000000
16.5,-65,0.0000000
16.5,-64,0.0000000
16.5,-63,0.0000000
16.5,-62,0.0000000
16.5,-61,0.0000000
16.5,-60,0.0000000
16.5,-59,0.0000000
16.5,-58,0.0000000
16.5,-57,0.0000000
16.5,-56,0.0000000
16.5,-55,0.0000000
16.5,-54,0.0000000
16.5,-53,0.0000000
16.5,-52,0.0000000
16.5,-51,0.0000000
16.5,-50,0.0000001
16.5,-49,0.0000001
16.5,-48,0.0000001
16.5,-47,0.0000001
16.5,-46,0.0000002
16.5,-45,0.0000003
16.5,-44,0.0000004
16.5,-43,0.0000005
16.5,-42,0.0000007
16.5,-41,0.0000009
16.5,-40,0.0000012
16.5,-39,0.0000016
16.5,-38,0.0000022
16.5,-37,0.0000029
16.5,-36,0.0000039
16.5,-35,0.0000051
16.5,-34,0.0000076
16.5,-33,0.0000846
16.5,-32,0.0011318
16.5,-31,0.0027648
16.5,-30,0.0012267
16.5,-29,0.0013894
16.5,-28,0.0031952
16.5,-27,0.0013295
16.5,-26,0.0002419
16.5,-25,0.0016265
16.5,-24,0.0039165
16.5,-23,0.0017819
16.5,-22,0.0020399
16.5,-21,0.0046056
16.5,-20,0.0019934
16.5,-19,0.0004834
16.5,-18,0.0024937
16.5,-17,0.0058043
16.5,-16,0.0027815
16.5,-15,0.0032187
16.5,-14,0.0069874
16.5,-13,0.0032382
16.5,-12,0.0010950
16.5,-11,0.0041281
16.5,-10,0.0090943
16.5,-9,0.0046689
16.5,-8,0.0054376
16.5,-7,0.0111983
16.5,-6,0.0055817
16.5,-5,0.0023951
16.5,-4,0.0071688
16.5,-3,0.0149471
16.5,-2,0.0076576
16.5,-1,0.0030636
16.5,0,0.0007972
16.5,1,0.0036761
16.5,2,0.0111741
16.5,3,0.0227198
16.5,4,0.0117103
16.5,5,0.0054544
16.5,6,0.0152128
16.5,7,0.0310902
16.5,8,0.0166472
16.5,9,0.0201360
16.5,10,0.0403452
16.5,11,0.0197945
16.5,12,0.0081909
16.5,13,0.0288890
16.5,14,0.0625656
16.5,15,0.0313316
16.5,16,0.0414663
16.5,17,0.0855528
16.5,18,0.0382365
16.5,19,0.0089885
16.5,20,0.0225875
16.5,21,0.0471916
16.5,22,0.0231417
16.5,23,0.0186558
16.5,24,0.0353309
16.5,25,0.0171171
16.5,26,0.0059323
16.5,27,0.0129881
16.5,28,0.0253984
16.5,29,0.0129535
16.5,30,0.0110168
16.5,31,0.0202127
16.5,32,0.0099265
16.5,33,0.0035935
16.5,34,0.0077454
16.5,35,0.0150798
16.5,36,0.0075767
16.5,37,0.0065039
16.5,38,0.0121834
16.5,39,0.0060095
16.5,40,0.0051637
16.5,41,0.0098912
16.5,42,0.0045737
16.5,43,0.0013139
16.5,44,0.0035849
16.5,45,0.0075726
16.5,46,0.0033821
16.5,47,0.0006714
16.5,48,0.0004096
16.5,49,0.0003436
16.5,50,0.0002882
16.5,51,0.0002404
16.5,52,0.0002008
16.5,53,0.0002768
16.5,54,0.0017910
16.5,55,0.0041730
16.5,56,0.0017455
16.5,57,0.0001846
16.5,58,0.0000595
16.5,59,0.0000466
16.5,60,0.0000371
16.5,61,0.0000293
16.5,62,0.0000231
16.5,63,0.0000181
16.5,64,0.0000141
16.5,65,0.0000109
16.5,66,0.0000084
16.5,67,0.0000064
16.5,68,0.0000049
16.5,69,0.0000037
16.5,70,0.0000028
16.5,71,0.0000021
16.5,72,0.0000016
16.5,73,0.0000012
16.5,74,0.0000009
17.0,-75,0.0000000
17.0,-74,0.0000000
17.0,-73,0.0000000
17.0,-72,0.0000000
17.0,-71,0.0000000
17.0,-70,0.0000000
17.0,-69,0.0000000
17.0,-68,0.0000000
17.0,-67,0.0000000
17.0,-66,0.0000000
17.0,-65,0.0000000
17.0,-64,0.0000000
17.0,-63,0.0000000
17.0,-62,0.0000000
17.0,-61,0.0000000
17.0,-60,0.0000000
17.0,-59,0.0000000
17.0,-58,0.0000000
17.0,-57,0.0000000
17.0,-56,0.0000000
17.0,-55,0.0000000
17.0,-54,0.0000000
17.0,-53,0.0000000
17.0,-52,0.0000000
17.0,-51,0.0000000
17.0,-50,0.0000000
17.0,-49,0.0000001
17.0,-48,0.0000001
17.0,-47,0.0000001
17.0,-46,0.0000001
17.0,-45,0.0000002
17.0,-44,0.0000003
17.0,-43,0.0000004
17.0,-42,0.0000005
17.0,-41,0.0000007
17.0,-40,0.0000010
17.0,-39,0.0000013
17.0,-38,0.0000017
17.0,-37,0.0000023
17.0,-36,0.0000031
17.0,-35,0.0000041
17.0,-34,0.0000061
17.0,-33,0.0000747
17.0,-32,0.0010096
17.0,-31,0.0024674
17.0,-30,0.0010936
17.0,-29,0.0012378
17.0,-28,0.0028488
17.0,-27,0.0011833
17.0,-26,0.0002120
17.0,-25,0.0014455
17.0,-24,0.0034862
17.0,-23,0.0015820
17.0,-22,0.0018095
17.0,-21,0.0040934
17.0,-20,0.0017649
17.0,-19,0.0004179
17.0,-18,0.0022043
17.0,-17,0.0051472
17.0,-16,0.0024554
17.0,-15,0.0028394
17.0,-14,0.0061855
17.0,-13,0.0028509
17.0,-12,0.0009432
17.0,-11,0.0036308
17.0,-10,0.0080329
17.0,-9,0.0041042
17.0,-8,0.0047785
17.0,-7,0.0098776
17.0,-6,0.0049015
17.0,-5,0.0020776
17.0,-4,0.0062938
17.0,-3,0.0131649
17.0,-2,0.0067269
17.0,-1,0.0026714
17.0,0,0.0007284
17.0,1,0.0032228
17.0,2,0.0098266
17.0,3,0.0199926
17.0,4,0.0103161
17.0,5,0.0048195
17.0,6,0.0133679
17.0,7,0.0272736
17.0,8,0.0146467
17.0,9,0.0176358
17.0,10,0.0352100
17.0,11,0.0173703
17.0,12,0.0072768
17.0,13,0.0248794
17.0,14,0.0535425
17.0,15,0.0276967
17.0,16,0.0460151
17.0,17,0.1050888
17.0,18,0.0477303
17.0,19,0.0098510
17.0,20,0.0241230
17.0,21,0.0507396
17.0,22,0.0247497
17.0,23,0.0197782
17.0,24,0.0376044
17.0,25,0.0181588
17.0,26,0.0062198
17.0,27,0.0137102
17.0,28,0.0268839
17.0,29,0.0136998
17.0,30,0.0116333
17.0,31,0.0213557
17.0,32,0.0104973
17.0,33,0.0038125
17.0,34,0.0081865
17.0,35,0.0159112
17.0,36,0.0080143
17.0,37,0.0068780
17.0,38,0.0128445
17.0,39,0.0063569
17.0,40,0.0054614
17.0,41,0.0104178
17.0,42,0.0048377
17.0,43,0.0014154
17.0,44,0.0037898
17.0,45,0.0079621
17.0,46,0.0035712
17.0,47,0.0007300
17.0,48,0.0004529
17.0,49,0.0003810
17.0,50,0.0003204
17.0,51,0.0002681
17.0,52,0.0002244
17.0,53,0.0003016
17.0,54,0.0018801
17.0,55,0.0043645
17.0,56,0.0018295
17.0,57,0.0001991
17.0,58,0.0000675
17.0,59,0.0000531
17.0,60,0.0000423
17.0,61,0.0000336
17.0,62,0.0000265
17.0,63,0.0000208
17.0,64,0.0000162
17.0,65,0.0000126
17.0,66,0.0000097
17.0,67,0.0000075
17.0,68,0.0000057
17.0,69,0.0000043
17.0,70,0.0000033
17.0,71,0.0000025
17.0,72,0.0000018
17.0,73,0.0000014
17.0,74,0.0000010
17.5,-75,0.0000000
17.5,-74,0.0000000
17.5,-73,0.0000000
17.5,-72,0.0000000
17.5,-71,0.0000000
17.5,-70,0.0000000
17.5,-69,0.0000000
17.5,-68,0.0000000
17.5,-67,0.0000000
17.5,-66,0.0000000
17.5,-65,0.0000000
17.5,-64,0.0000000
17.5,-63,0.0000000
17.5,-62,0.0000000
17.5,-61,0.0000000
17.5,-60,0.0000000
17.5,-59,0.0000000
17.5,-58,0.0000000
17.5,-57,0.0000000
17.5,-56,0.0000000
17.5,-55,0.0000000
17.5,-54,0.0000000
17.5,-53,0.0000000
17.5,-52,0.0000000
17.5,-51,0.0000000
17.5,-50,0.0000000
17.5,-49,0.0000000
17.5,-48,0.0000001
17.5,-47,0.0000001
17.5,-46,0.0000001
17.5,-45,0.0000002
17.5,-44,0.0000002
17.5,-43,0.0000003
17.5,-42,0.0000004
17.5,-41,0.0000006
17.5,-40,0.0000008
17.5,-39,0.0000011
17.5,-38,0.0000015
17.5,-37,0.0000020
17.5,-36,0.0000027
17.5,-35,0.0000035
17.5,-34,0.0000054
17.5,-33,0.0000718
17.5,-32,0.0009792
17.5,-31,0.0023942
17.5,-30,0.0010602
17.5,-29,0.0011992
17.5,-28,0.0027617
17.5,-27,0.0011453
17.5,-26,0.0002022
17.5,-25,0.0013971
17.5,-24,0.0033743
17.5,-23,0.0015274
17.5,-22,0.0017457
17.5,-21,0.0039563
17.5,-20,0.0016995
17.5,-19,0.0003930
17.5,-18,0.0021191
17.5,-17,0.0049638
17.5,-16,0.0023574
17.5,-15,0.0027242
17.5,-14,0.0059546
17.5,-13,0.0027296
17.5,-12,0.0008831
17.5,-11,0.0034725
17.5,-10,0.0077157
17.5,-9,0.0039229
17.5,-8,0.0045660
17.5,-7,0.0094739
17.5,-6,0.0046794
17.5,-5,0.0019577
17.5,-4,0.0060071
17.5,-3,0.0126077
17.5,-2,0.0064236
17.5,-1,0.0025297
17.5,0,0.0007236
17.5,1,0.0030684
17.5,2,0.0093943
17.5,3,0.0191304
17.5,4,0.0098789
17.5,5,0.0046256
17.5,6,0.0127736
17.5,7,0.0260249
17.5,8,0.0140140
17.5,9,0.0168058
17.5,10,0.0334446
17.5,11,0.0165856
17.5,12,0.0070323
17.5,13,0.0233860
17.5,14,0.0500211
17.5,15,0.0256575
17.5,16,0.0374235
17.5,17,0.0809961
17.5,18,0.0427608
17.5,19,0.0102809
17.5,20,0.0278481
17.5,21,0.0590197
17.5,22,0.0286245
17.5,23,0.0226428
17.5,24,0.0432260
17.5,25,0.0207983
17.5,26,0.0070303
17.5,27,0.0156142
17.5,28,0.0307109
17.5,29,0.0156327
17.5,30,0.0132512
17.5,31,0.0243458
17.5,32,0.0119747
17.5,33,0.0043595
17.5,34,0.0093327
17.5,35,0.0181131
17.5,36,0.0091444
17.5,37,0.0078459
17.5,38,0.0146101
17.5,39,0.0072542
17.5,40,0.0062313
17.5,41,0.0118386
17.5,42,0.0055205
17.5,43,0.0016439
17.5,44,0.0043227
17.5,45,0.0090330
17.5,46,0.0040691
17.5,47,0.0008558
17.5,48,0.0005395
17.5,49,0.0004552
17.5,50,0.0003839
17.5,51,0.0003220
17.5,52,0.0002701
17.5,53,0.0003547
17.5,54,0.0021300
17.5,55,0.0049255
17.5,56,0.0020694
17.5,57,0.0002320
17.5,58,0.0000825
17.5,59,0.0000651
17.5,60,0.0000521
17.5,61,0.0000414
17.5,62,0.0000328
17.5,63,0.0000258
17.5,64,0.0000202
17.5,65,0.0000157
17.5,66,0.0000122
17.5,67,0.0000094
17.5,68,0.0000072
17.5,69,0.0000055
17.5,70,0.0000041
17.5,71,0.0000031
17.5,72,0.0000023
17.5,73,0.0000018
17.5,74,0.0000013
18.0,-75,0.0000000
18.0,-74,0.0000000
18.0,-73,0.0000000
18.0,-72,0.0000000
18.0,-71,0.0000000
18.0,-70,0.0000000
18.0,-69,0.0000000
18.0,-68,0.0000000
18.0,-67,0.0000000
18.0,-66,0.0000000
18.0,-65,0.0000000
18.0,-64,0.0000000
18.0,-63,0.0000000
18.0,-62,0.0000000
18.0,-61,0.0000000
18.0,-60,0.0000000
18.0,-59,0.0000000
18.0,-58,0.0000000
18.0,-57,0.0000000
18.0,-56,0.0000000
18.0,-55,0.0000000
18.0,-54,0.0000000
18.0,-53,0.0000000
18.0,-52,0.0000000
18.0,-51,0.0000000
18.0,-50,0.0000000
18.0,-49,0.0000000
18.0,-48,0.0000001
18.0,-47,0.0000001
18.0,-46,0.0000001
18.0,-45,0.0000001
18.0,-44,0.0000002
18.0,-43,0.0000003
18.0,-42,0.0000004
18.0,-41,0.0000005
18.0,-40,0.0000007
18.0,-39,0.0000010
18.0,-38,0.0000013
18.0,-37,0.0000018
18.0,-36,0.0000023
18.0,-35,0.0000031
18.0,-34,0.0000049
18.0,-33,0.0000711
18.0,-32,0.0009767
18.0,-31,0.0023890
18.0,-30,0.0010570
18.0,-29,0.0011948
18.0,-28,0.0027532
18.0,-27,0.0011400
18.0,-26,0.0001986
18.0,-25,0.0013888
18.0,-24,0.0033587
18.0,-23,0.0015168
18.0,-22,0.0017322
18.0,-21,0.0039325
18.0,-20,0.0016833
18.0,-19,0.0003804
18.0,-18,0.0020955
18.0,-17,0.0049232
18.0,-16,0.0023280
18.0,-15,0.0026883
18.0,-14,0.0058956
18.0,-13,0.0026880
18.0,-12,0.0008501
18.0,-11,0.0034158
18.0,-10,0.0076220
18.0,-9,0.0038560
18.0,-8,0.0044867
18.0,-7,0.0093450
18.0,-6,0.0045936
18.0,-5,0.0018954
18.0,-4,0.0058953
18.0,-3,0.0124165
18.0,-2,0.0063063
18.0,-1,0.0024603
18.0,0,0.0007390
18.0,1,0.0030005
18.0,2,0.0092337
18.0,3,0.0188252
18.0,4,0.0097258
18.0,5,0.0045607
18.0,6,0.0125522
18.0,7,0.0255460
18.0,8,0.0137898
18.0,9,0.0164778
18.0,10,0.0326961
18.0,11,0.0162944
18.0,12,0.0069894
18.0,13,0.0226722
18.0,14,0.0482197
18.0,15,0.0247745
18.0,16,0.0345097
18.0,17,0.0738574
18.0,18,0.0359695
18.0,19,0.0102187
18.0,20,0.0296635
18.0,21,0.0633533
18.0,22,0.0305377
18.0,23,0.0238677
18.0,24,0.0457535
18.0,25,0.0219280
18.0,26,0.0073035
18.0,27,0.0163558
18.0,28,0.0322783
18.0,29,0.0164076
18.0,30,0.0138803
18.0,31,0.0255299
18.0,32,0.0125617
18.0,33,0.0045801
18.0,34,0.0097824
18.0,35,0.0189648
18.0,36,0.0095945
18.0,37,0.0082297
18.0,38,0.0152845
18.0,39,0.0076127
18.0,40,0.0065383
18.0,41,0.0123738
18.0,42,0.0057939
18.0,43,0.0017550
18.0,44,0.0045349
18.0,45,0.0094263
18.0,46,0.0042647
18.0,47,0.0009223
18.0,48,0.0005903
18.0,49,0.0004995
18.0,50,0.0004224
18.0,51,0.0003552
18.0,52,0.0002987
18.0,53,0.0003837
18.0,54,0.0022200
18.0,55,0.0051131
18.0,56,0.0021533
18.0,57,0.0002488
18.0,58,0.0000926
18.0,59,0.0000734
18.0,60,0.0000588
18.0,61,0.0000469
18.0,62,0.0000372
18.0,63,0.0000294
18.0,64,0.0000230
18.0,65,0.0000180
18.0,66,0.0000140
18.0,67,0.0000108
18.0,68,0.0000083
18.0,69,0.0000063
18.0,70,0.0000048
18.0,71,0.0000036
18.0,72,0.0000027
18.0,73,0.0000020
18.0,74,0.0000015
18.5,-75,0.0000000
18.5,-74,0.0000000
18.5,-73,0.0000000
18.5,-72,0.0000000
18.5,-71,0.0000000
18.5,-70,0.0000000
18.5,-69,0.0000000
18.5,-68,0.0000000
18.5,-67,0.0000000
18.5,-66,0.0000000
18.5,-65,0.0000000
18.5,-64,0.0000000
18.5,-63,0.0000000
18.5,-62,0.0000000
18.5,-61,0.0000000
18.5,-60,0.0000000
18.5,-59,0.0000000
18.5,-58,0.0000000
18.5,-57,0.0000000
18.5,-56,0.0000000
18.5,-55,0.0000000
18.5,-54,0.0000000
18.5,-53,0.0000000
18.5,-52,0.0000000
18.5,-51,0.0000000
18.5,-50,0.0000000
18.5,-49,0.0000000
18.5,-48,0.0000000
18.5,-47,0.0000001
18.5,-46,0.0000001
18.5,-45,0.0000001
18.5,-44,0.0000002
18.5,-43,0.0000002
18.5,-42,0.0000003
18.5,-41,0.0000005
18.5,-40,0.0000006
18.5,-39,0.0000009
18.5,-38,0.0000012
18.5,-37,0.0000016
18.5,-36,0.0000021
18.5,-35,0.0000028
18.5,-34,0.0000044
18.5,-33,0.0000705
18.5,-32,0.0009762
18.5,-31,0.0023886
18.5,-30,0.0010560
18.5,-29,0.0011930
18.5,-28,0.0027504
18.5,-27,0.0011373
18.5,-26,0.0001955
18.5,-25,0.0013837
18.5,-24,0.0033504
18.5,-23,0.0015097
18.5,-22,0.0017227
18.5,-21,0.0039174
18.5,-20,0.0016712
18.5,-19,0.0003691
18.5,-18,0.0020770
18.5,-17,0.0048938
18.5,-16,0.0023044
18.5,-15,0.0026591
18.5,-14,0.0058500
18.5,-13,0.0026531
18.5,-12,0.0008198
18.5,-11,0.0033675
18.5,-10,0.0075458
18.5,-9,0.0037984
18.5,-8,0.0044181
18.5,-7,0.0092375
18.5,-6,0.0045184
18.5,-5,0.0018374
18.5,-4,0.0057969
18.5,-3,0.0122537
18.5,-2,0.0062026
18.5,-1,0.0023948
18.5,0,0.0007562
18.5,1,0.0029367
18.5,2,0.0090927
18.5,3,0.0185641
18.5,4,0.0095921
18.5,5,0.0045013
18.5,6,0.0123599
18.5,7,0.0251351
18.5,8,0.0135978
18.5,9,0.0161965
18.5,10,0.0320543
18.5,11,0.0160485
18.5,12,0.0069603
18.5,13,0.0220775
18.5,14,0.0467065
18.5,15,0.0240737
18.5,16,0.0325301
18.5,17,0.0689854
18.5,18,0.0314964
18.5,19,0.0100582
18.5,20,0.0311640
18.5,21,0.0670924
18.5,22,0.0321253
18.5,23,0.0247495
18.5,24,0.0476413
18.5,25,0.0227355
18.5,26,0.0074489
18.5,27,0.0168327
18.5,28,0.0333422
18.5,29,0.0169197
18.5,30,0.0142814
18.5,31,0.0263042
18.5,32,0.0129437
18.5,33,0.0047220
18.5,34,0.0100703
18.5,35,0.0195071
18.5,36,0.0098877
18.5,37,0.0084782
18.5,38,0.0157085
18.5,39,0.0078471
18.5,40,0.0067385
18.5,41,0.0127059
18.5,42,0.0059734
18.5,43,0.0018392
18.5,44,0.0046738
18.5,45,0.0096645
18.5,46,0.0043915
18.5,47,0.0009758
18.5,48,0.0006336
18.5,49,0.0005377
18.5,50,0.0004558
18.5,51,0.0003844
18.5,52,0.0003240
18.5,53,0.0004078
18.5,54,0.0022736
18.5,55,0.0052150
18.5,56,0.0022017
18.5,57,0.0002624
18.5,58,0.0001019
18.5,59,0.0000811
18.5,60,0.0000652
18.5,61,0.0000521
18.5,62,0.0000415
18.5,63,0.0000328
18.5,64,0.0000258
18.5,65,0.0000202
18.5,66,0.0000157
18.5,67,0.0000122
18.5,68,0.0000094
18.5,69,0.0000072
18.5,70,0.0000055
18.5,71,0.0000042
18.5,72,0.0000031
18.5,73,0.0000024
18.5,74,0.0000018
19.0,-75,0.0000000
19.0,-74,0.0000000
19.0,-73,0.0000000
19.0,-72,0.0000000
19.0,-71,0.0000000
19.0,-70,0.0000000
19.0,-69,0.0000000
19.0,-68,0.0000000
19.0,-67,0.0000000
19.0,-66,0.0000000
19.0,-65,0.0000000
19.0,-64,0.0000000
19.0,-63,0.0000000
19.0,-62,0.0000000
19.0,-61,0.0000000
19.0,-60,0.0000000
19.0,-59,0.0000000
19.0,-58,0.0000000
19.0,-57,0.0000000
19.0,-56,0.0000000
19.0,-55,0.0000000
19.0,-54,0.0000000
19.0,-53,0.0000000
19.0,-52,0.0000000
19.0,-51,0.0000000
19.0,-50,0.0000000
19.0,-49,0.0000000
19.0,-48,0.0000000
19.0,-47,0.0000001
19.0,-46,0.0000001
19.0,-45,0.0000001
19.0,-44,0.0000002
19.0,-43,0.0000002
19.0,-42,0.0000003
19.0,-41,0.0000004
19.0,-40,0.0000006
19.0,-39,0.0000008
19.0,-38,0.0000010
19.0,-37,0.0000014
19.0,-36,0.0000019
19.0,-35,0.0000025
19.0,-34,0.0000041
19.0,-33,0.0000712
19.0,-32,0.0009924
19.0,-31,0.0024292
19.0,-30,0.0010732
19.0,-29,0.0012116
19.0,-28,0.0027947
19.0,-27,0.0011542
19.0,-26,0.0001960
19.0,-25,0.0014023
19.0,-24,0.0033995
19.0,-23,0.0015287
19.0,-22,0.0017429
19.0,-21,0.0039695
19.0,-20,0.0016880
19.0,-19,0.0003646
19.0,-18,0.0020945
19.0,-17,0.0049484
19.0,-16,0.0023206
19.0,-15,0.0026758
19.0,-14,0.0059051
19.0,-13,0.0026641
19.0,-12,0.0008040
19.0,-11,0.0033773
19.0,-10,0.0075992
19.0,-9,0.0038062
19.0,-8,0.0044254
19.0,-7,0.0092885
19.0,-6,0.0045203
19.0,-5,0.0018102
19.0,-4,0.0057972
19.0,-3,0.0123006
19.0,-2,0.0062037
19.0,-1,0.0023681
19.0,0,0.0007870
19.0,1,0.0029199
19.0,2,0.0091052
19.0,3,0.0186205
19.0,4,0.0096195
19.0,5,0.0045141
19.0,6,0.0123784
19.0,7,0.0251603
19.0,8,0.0136377
19.0,9,0.0161980
19.0,10,0.0319837
19.0,11,0.0160823
19.0,12,0.0070480
19.0,13,0.0219079
19.0,14,0.0461190
19.0,15,0.0238615
19.0,16,0.0315254
19.0,17,0.0663194
19.0,18,0.0305483
19.0,19,0.0094473
19.0,20,0.0319773
19.0,21,0.0694217
19.0,22,0.0330001
19.0,23,0.0249777
19.0,24,0.0482764
19.0,25,0.0229327
19.0,26,0.0073777
19.0,27,0.0168346
19.0,28,0.0334798
19.0,29,0.0169557
19.0,30,0.0142757
19.0,31,0.0263373
19.0,32,0.0129574
19.0,33,0.0047253
19.0,34,0.0100695
19.0,35,0.0194956
19.0,36,0.0098986
19.0,37,0.0084842
19.0,38,0.0156859
19.0,39,0.0078579
19.0,40,0.0067466
19.0,41,0.0126768
19.0,42,0.0059832
19.0,43,0.0018714
19.0,44,0.0046802
19.0,45,0.0096281
19.0,46,0.0043941
19.0,47,0.0010024
19.0,48,0.0006597
19.0,49,0.0005615
19.0,50,0.0004773
19.0,51,0.0004035
19.0,52,0.0003409
19.0,53,0.0004211
19.0,54,0.0022631
19.0,55,0.0051685
19.0,56,0.0021879
19.0,57,0.0002691
19.0,58,0.0001089
19.0,59,0.0000870
19.0,60,0.0000701
19.0,61,0.0000562
19.0,62,0.0000448
19.0,63,0.0000355
19.0,64,0.0000280
19.0,65,0.0000220
19.0,66,0.0000172
19.0,67,0.0000133
19.0,68,0.0000103
19.0,69,0.0000079
19.0,70,0.0000060
19.0,71,0.0000046
19.0,72,0.0000035
19.0,73,0.0000026
19.0,74,0.0000020
19.5,-75,0.0000000
19.5,-74,0.0000000
19.5,-73,0.0000000
19.5,-72,0.0000000
19.5,-71,0.0000000
19.5,-70,0.0000000
19.5,-69,0.0000000
19.5,-68,0.0000000
19.5,-67,0.0000000
19.5,-66,0.0000000
19.5,-65,0.0000000
19.5,-64,0.0000000
19.5,-63,0.0000000
19.5,-62,0.0000000
19.5,-61,0.0000000
19.5,-60,0.0000000
19.5,-59,0.0000000
19.5,-58,0.0000000
19.5,-57,0.0000000
19.5,-56,0.0000000
19.5,-55,0.0000000
19.5,-54,0.0000000
19.5,-53,0.0000000
19.5,-52,0.0000000
19.5,-51,0.0000000
19.5,-50,0.0000000
19.5,-49,0.0000000
19.5,-48,0.0000000
19.5,-47,0.0000001
19.5,-46,0.0000001
19.5,-45,0.0000001
19.5,-44,0.0000001
19.5,-43,0.0000002
19.5,-42,0.0000003
19.5,-41,0.0000004
19.5,-40,0.0000005
19.5,-39,0.0000007
19.5,-38,0.0000009
19.5,-37,0.0000013
19.5,-36,0.0000017
19.5,-35,0.0000023
19.5,-34,0.0000030
19.5,-33,0.0000040
19.5,-32,0.0000053
19.5,-31,0.0000078
19.5,-30,0.0000875
19.5,-29,0.0011699
19.5,-28,0.0028568
19.5,-27,0.0011788
19.5,-26,0.0001979
19.5,-25,0.0014304
19.5,-24,0.0034712
19.5,-23,0.0015579
19.5,-22,0.0017748
19.5,-21,0.0040479
19.5,-20,0.0017162
19.5,-19,0.0003627
19.5,-18,0.0021259
19.5,-17,0.0050358
19.5,-16,0.0023523
19.5,-15,0.0027103
19.5,-14,0.0059990
19.5,-13,0.0026927
19.5,-12,0.0007935
19.5,-11,0.0034090
19.5,-10,0.0077021
19.5,-9,0.0038383
19.5,-8,0.0044609
19.5,-7,0.0093993
19.5,-6,0.0045505
19.5,-5,0.0017933
19.5,-4,0.0058335
19.5,-3,0.0124256
19.5,-2,0.0062426
19.5,-1,0.0023536
19.5,0,0.0008240
19.5,1,0.0029179
19.5,2,0.0091730
19.5,3,0.0187948
19.5,4,0.0097047
19.5,5,0.0045506
19.5,6,0.0124738
19.5,7,0.0253491
19.5,8,0.0137629
19.5,9,0.0163054
19.5,10,0.0321316
19.5,11,0.0162215
19.5,12,0.0071785
19.5,13,0.0219101
19.5,14,0.0459116
19.5,15,0.0238510
19.5,16,0.0309589
19.5,17,0.0646564
19.5,18,0.0300325
19.5,19,0.0096930
19.5,20,0.0329205
19.5,21,0.0721044
19.5,22,0.0340008
19.5,23,0.0251621
19.5,24,0.0488182
19.5,25,0.0230757
19.5,26,0.0072750
19.5,27,0.0167740
19.5,28,0.0335036
19.5,29,0.0169288
19.5,30,0.0142126
19.5,31,0.0262715
19.5,32,0.0129187
19.5,33,0.0047049
19.5,34,0.0100258
19.5,35,0.0194075
19.5,36,0.0098684
19.5,37,0.0084544
19.5,38,0.0156011
19.5,39,0.0078362
19.5,40,0.0067266
19.5,41,0.0125977
19.5,42,0.0059687
19.5,43,0.0018951
19.5,44,0.0046677
19.5,45,0.0095545
19.5,46,0.0043795
19.5,47,0.0010249
19.5,48,0.0006833
19.5,49,0.0005832
19.5,50,0.0004970
19.5,51,0.0004214
19.5,52,0.0003568
19.5,53,0.0004332
19.5,54,0.0022444
19.5,55,0.0051029
19.5,56,0.0021661
19.5,57,0.0002750
19.5,58,0.0001157
19.5,59,0.0000928
19.5,60,0.0000750
19.5,61,0.0000603
19.5,62,0.0000482
19.5,63,0.0000383
19.5,64,0.0000303
19.5,65,0.0000239
19.5,66,0.0000187
19.5,67,0.0000145
19.5,68,0.0000113
19.5,69,0.0000087
19.5,70,0.0000066
19.5,71,0.0000051
19.5,72,0.0000038
19.5,73,0.0000029
19.5,74,0.0000022
20.5,-75,0.0000000
20.5,-74,0.0000000
20.5,-73,0.0000000
20.5,-72,0.0000000
20.5,-71,0.0000000
20.5,-70,0.0000000
20.5,-69,0.0000000
20.5,-68,0.0000000
20.5,-67,0.0000000
20.5,-66,0.0000000
20.5,-65,0.0000000
20.5,-64,0.0000000
20.5,-63,0.0000000
20.5,-62,0.0000000
20.5,-61,0.0000000
20.5,-60,0.0000000
20.5,-59,0.0000000
20.5,-58,0.0000000
20.5,-57,0.0000000
20.5,-56,0.0000000
20.5,-55,0.0000000
20.5,-54,0.0000000
20.5,-53,0.0000000
20.5,-52,0.0000000
20.5,-51,0.0000000
20.5,-50,0.0000000
20.5,-49,0.0000000
20.5,-48,0.0000000
20.5,-47,0.0000000
20.5,-46,0.0000001
20.5,-45,0.0000001
20.5,-44,0.0000001
20.5,-43,0.0000001
20.5,-42,0.0000002
20.5,-41,0.0000003
20.5,-40,0.0000004
20.5,-39,0.0000005
20.5,-38,0.0000007
20.5,-37,0.0000009
20.5,-36,0.0000013
20.5,-35,0.0000017
20.5,-34,0.0000023
20.5,-33,0.0000030
20.5,-32,0.0000040
20.5,-31,0.0000061
20.5,-30,0.0000818
20.5,-29,0.0011149
20.5,-28,0.0027252
20.5,-27,0.0011221
20.5,-26,0.0001846
20.5,-25,0.0013583
20.5,-24,0.0033025
20.5,-23,0.0014770
20.5,-22,0.0016801
20.5,-21,0.0038418
20.5,-20,0.0016197
20.5,-19,0.0003283
20.5,-18,0.0019999
20.5,-17,0.0047602
20.5,-16,0.0022070
20.5,-15,0.0025389
20.5,-14,0.0056515
20.5,-13,0.0025117
20.5,-12,0.0007052
20.5,-11,0.0031711
20.5,-10,0.0072221
20.5,-9,0.0035631
20.5,-8,0.0041372
20.5,-7,0.0087847
20.5,-6,0.0042079
20.5,-5,0.0016024
20.5,-4,0.0053888
20.5,-3,0.0115707
20.5,-2,0.0057646
20.5,-1,0.0021137
20.5,0,0.0008239
20.5,1,0.0026493
20.5,2,0.0084892
20.5,3,0.0174715
20.5,4,0.0090040
20.5,5,0.0042060
20.5,6,0.0115530
20.5,7,0.0234884
20.5,8,0.0127845
20.5,9,0.0150821
20.5,10,0.0296293
20.5,11,0.0150643
20.5,12,0.0067827
20.5,13,0.0200658
20.5,14,0.0417037
20.5,15,0.0218454
20.5,16,0.0276164
20.5,17,0.0569412
20.5,18,0.0268674
20.5,19,0.0099189
20.5,20,0.0412549
20.5,21,0.0846186
20.5,22,0.0390972
20.5,23,0.0268050
20.5,24,0.0522582
20.5,25,0.0244319
20.5,26,0.0073468
20.5,27,0.0173274
20.5,28,0.0349403
20.5,29,0.0175575
20.5,30,0.0146407
20.5,31,0.0271889
20.5,32,0.0133449
20.5,33,0.0048325
20.5,34,0.0103207
20.5,35,0.0199902
20.5,36,0.0101876
20.5,37,0.0087179
20.5,38,0.0160388
20.5,39,0.0080946
20.5,40,0.0069451
20.5,41,0.0129299
20.5,42,0.0061709
20.5,43,0.0020148
20.5,44,0.0048242
20.5,45,0.0097803
20.5,46,0.0045218
20.5,47,0.0011109
20.5,48,0.0007583
20.5,49,0.0006509
20.5,50,0.0005577
20.5,51,0.0004754
20.5,52,0.0004045
20.5,53,0.0004760
20.5,54,0.0022958
20.5,55,0.0051713
20.5,56,0.0022082
20.5,57,0.0002990
20.5,58,0.0001353
20.5,59,0.0001092
20.5,60,0.0000887
20.5,61,0.0000717
20.5,62,0.0000576
20.5,63,0.0000461
20.5,64,0.0000367
20.5,65,0.0000290
20.5,66,0.0000228
20.5,67,0.0000179
20.5,68,0.0000139
20.5,69,0.0000108
20.5,70,0.0000083
20.5,71,0.0000064
20.5,72,0.0000048
20.5,73,0.0000037
20.5,74,0.0000028
22.0,-75,0.0000000
22.0,-74,0.0000000
22.0,-73,0.0000000
22.0,-72,0.0000000
22.0,-71,0.0000000
22.0,-70,0.0000000
22.0,-69,0.0000000
22.0,-68,0.0000000
22.0,-67,0.0000000
22.0,-66,0.0000000
22.0,-65,0.0000000
22.0,-64,0.0000000
22.0,-63,0.0000000
22.0,-62,0.0000000
22.0,-61,0.0000000
22.0,-60,0.0000000
22.0,-59,0.0000000
22.0,-58,0.0000000
22.0,-57,0.0000000
22.0,-56,0.0000000
22.0,-55,0.0000000
22.0,-54,0.0000000
22.0,-53,0.0000000
22.0,-52,0.0000000
22.0,-51,0.0000000
22.0,-50,0.0000000
22.0,-49,0.0000000
22.0,-48,0.0000000
22.0,-47,0.0000000
22.0,-46,0.0000000
22.0,-45,0.0000000
22.0,-44,0.0000001
22.0,-43,0.0000001
22.0,-42,0.0000001
22.0,-41,0.0000001
22.0,-40,0.0000002
22.0,-39,0.0000003
22.0,-38,0.0000004
22.0,-37,0.0000005
22.0,-36,0.0000007
22.0,-35,0.0000010
22.0,-34,0.0000013
22.0,-33,0.0000018
22.0,-32,0.0000024
22.0,-31,0.0000039
22.0,-30,0.0000683
22.0,-29,0.0009514
22.0,-28,0.0023279
22.0,-27,0.0009562
22.0,-26,0.0001532
22.0,-25,0.0011534
22.0,-24,0.0028109
22.0,-23,0.0012516
22.0,-22,0.0014205
22.0,-21,0.0032586
22.0,-20,0.0013639
22.0,-19,0.0002610
22.0,-18,0.0016762
22.0,-17,0.0040150
22.0,-16,0.0018428
22.0,-15,0.0021148
22.0,-14,0.0047434
22.0,-13,0.0020790
22.0,-12,0.0005424
22.0,-11,0.0026131
22.0,-10,0.0060193
22.0,-9,0.0029259
22.0,-8,0.0033920
22.0,-7,0.0072843
22.0,-6,0.0034323
22.0,-5,0.0012351
22.0,-4,0.0043868
22.0,-3,0.0095379
22.0,-2,0.0046862
22.0,-1,0.0016354
22.0,0,0.0007545
22.0,1,0.0020832
22.0,2,0.0069191
22.0,3,0.0143576
22.0,4,0.0073613
22.0,5,0.0033997
22.0,6,0.0094303
22.0,7,0.0192247
22.0,8,0.0104811
22.0,9,0.0123066
22.0,10,0.0241169
22.0,11,0.0123625
22.0,12,0.0056807
22.0,13,0.0162218
22.0,14,0.0333842
22.0,15,0.0176947
22.0,16,0.0217833
22.0,17,0.0442030
22.0,18,0.0212968
22.0,19,0.0085191
22.0,20,0.0340342
22.0,21,0.0754043
22.0,22,0.0376575
22.0,23,0.0348487
22.0,24,0.0710414
22.0,25,0.0325776
22.0,26,0.0089169
22.0,27,0.0218149
22.0,28,0.0447209
22.0,29,0.0222333
22.0,30,0.0182867
22.0,31,0.0342609
22.0,32,0.0167306
22.0,33,0.0059589
22.0,34,0.0128415
22.0,35,0.0249553
22.0,36,0.0127378
22.0,37,0.0108732
22.0,38,0.0199540
22.0,39,0.0101280
22.0,40,0.0086809
22.0,41,0.0160459
22.0,42,0.0077335
22.0,43,0.0026185
22.0,44,0.0060440
22.0,45,0.0120928
22.0,46,0.0056616
22.0,47,0.0014864
22.0,48,0.0010467
22.0,49,0.0009060
22.0,50,0.0007825
22.0,51,0.0006723
22.0,52,0.0005764
22.0,53,0.0006527
22.0,54,0.0028403
22.0,55,0.0063028
22.0,56,0.0027178
22.0,57,0.0004061
22.0,58,0.0002019
22.0,59,0.0001647
22.0,60,0.0001349
22.0,61,0.0001099
22.0,62,0.0000890
22.0,63,0.0000717
22.0,64,0.0000575
22.0,65,0.0000459
22.0,66,0.0000364
22.0,67,0.0000287
22.0,68,0.0000225
22.0,69,0.0000176
22.0,70,0.0000136
22.0,71,0.0000105
22.0,72,0.0000081
22.0,73,0.0000062
22.0,74,0.0000047
24.0,-75,0.0000000
24.0,-74,0.0000000
24.0,-73,0.0000000
24.0,-72,0.0000000
24.0,-71,0.0000000
24.0,-70,0.0000000
24.0,-69,0.0000000
24.0,-68,0.0000000
24.0,-67,0.0000000
24.0,-66,0.0000000
24.0,-65,0.0000000
24.0,-64,0.0000000
24.0,-63,0.0000000
24.0,-62,0.0000000
24.0,-61,0.0000000
24.0,-60,0.0000000
24.0,-59,0.0000000
24.0,-58,0.0000000
24.0,-57,0.0000000
24.0,-56,0.0000000
24.0,-55,0.0000000
24.0,-54,0.0000000
24.0,-53,0.0000000
24.0,-52,0.0000000
24.0,-51,0.0000000
24.0,-50,0.0000000
24.0,-49,0.0000000
24.0,-48,0.0000000
24.0,-47,0.0000000
24.0,-46,0.0000000
24.0,-45,0.0000000
24.0,-44,0.0000000
24.0,-43,0.0000000
24.0,-42,0.0000001
24.0,-41,0.0000001
24.0,-40,0.0000001
24.0,-39,0.0000001
24.0,-38,0.0000002
24.0,-37,0.0000003
24.0,-36,0.0000004
24.0,-35,0.0000005
24.0,-34,0.0000007
24.0,-33,0.0000009
24.0,-32,0.0000013
24.0,-31,0.0000017
24.0,-30,0.0000023
24.0,-29,0.0000030
24.0,-28,0.0000040
24.0,-27,0.0000060
24.0,-26,0.0000732
24.0,-25,0.0009891
24.0,-24,0.0024173
24.0,-23,0.0010714
24.0,-22,0.0012127
24.0,-21,0.0027909
24.0,-20,0.0011592
24.0,-19,0.0002077
24.0,-18,0.0014162
24.0,-17,0.0034153
24.0,-16,0.0015498
24.0,-15,0.0017728
24.0,-14,0.0040102
24.0,-13,0.0017290
24.0,-12,0.0004094
24.0,-11,0.0021595
24.0,-10,0.0050427
24.0,-9,0.0024055
24.0,-8,0.0027818
24.0,-7,0.0060599
24.0,-6,0.0027930
24.0,-5,0.0009240
24.0,-4,0.0035570
24.0,-3,0.0078671
24.0,-2,0.0037867
24.0,-1,0.0012194
24.0,0,0.0007136
24.0,1,0.0015863
24.0,2,0.0056003
24.0,3,0.0117779
24.0,4,0.0059739
24.0,5,0.0026887
24.0,6,0.0076462
24.0,7,0.0156984
24.0,8,0.0085441
24.0,9,0.0099917
24.0,10,0.0195906
24.0,11,0.0101065
24.0,12,0.0047216
24.0,13,0.0130964
24.0,14,0.0267195
24.0,15,0.0143491
24.0,16,0.0172775
24.0,17,0.0344947
24.0,18,0.0170175
24.0,19,0.0071290
24.0,20,0.0243740
24.0,21,0.0524548
24.0,22,0.0271341
24.0,23,0.0450803
24.0,24,0.1067826
24.0,25,0.0505052
24.0,26,0.0104237
24.0,27,0.0255255
24.0,28,0.0536895
24.0,29,0.0261886
24.0,30,0.0209281
24.0,31,0.0397906
24.0,32,0.0192145
24.0,33,0.0065814
24.0,34,0.0145073
24.0,35,0.0284469
24.0,36,0.0144963
24.0,37,0.0123097
24.0,38,0.0226020
24.0,39,0.0115238
24.0,40,0.0098542
24.0,41,0.0181055
24.0,42,0.0088187
24.0,43,0.0031010
24.0,44,0.0068899
24.0,45,0.0135839
24.0,46,0.0064591
24.0,47,0.0018295
24.0,48,0.0013335
24.0,49,0.0011671
24.0,50,0.0010188
24.0,51,0.0008847
24.0,52,0.0007661
24.0,53,0.0008353
24.0,54,0.0032018
24.0,55,0.0069560
24.0,56,0.0030439
24.0,57,0.0005179
24.0,58,0.0002857
24.0,59,0.0002360
24.0,60,0.0001953
24.0,61,0.0001608
24.0,62,0.0001317
24.0,63,0.0001073
24.0,64,0.0000869
24.0,65,0.0000700
24.0,66,0.0000562
24.0,67,0.0000448
24.0,68,0.0000355
24.0,69,0.0000280
24.0,70,0.0000220
24.0,71,0.0000172
24.0,72,0.0000133
24.0,73,0.0000103
24.0,74,0.0000079
27.0,-75,0.0000000
27.0,-74,0.0000000
27.0,-73,0.0000000
27.0,-72,0.0000000
27.0,-71,0.0000000
27.0,-70,0.0000000
27.0,-69,0.0000000
27.0,-68,0.0000000
27.0,-67,0.0000000
27.0,-66,0.0000000
27.0,-65,0.0000000
27.0,-64,0.0000000
27.0,-63,0.0000000
27.0,-62,0.0000000
27.0,-61,0.0000000
27.0,-60,0.0000000
27.0,-59,0.0000000
27.0,-58,0.0000000
27.0,-57,0.0000000
27.0,-56,0.0000000
27.0,-55,0.0000000
27.0,-54,0.0000000
27.0,-53,0.0000000
27.0,-52,0.0000000
27.0,-51,0.0000000
27.0,-50,0.0000000
27.0,-49,0.0000000
27.0,-48,0.0000000
27.0,-47,0.0000000
27.0,-46,0.0000000
27.0,-45,0.0000000
27.0,-44,0.0000000
27.0,-43,0.0000000
27.0,-42,0.0000000
27.0,-41,0.0000000
27.0,-40,0.0000000
27.0,-39,0.0000001
27.0,-38,0.0000001
27.0,-37,0.0000001
27.0,-36,0.0000002
27.0,-35,0.0000002
27.0,-34,0.0000003
27.0,-33,0.0000004
27.0,-32,0.0000006
27.0,-31,0.0000008
27.0,-30,0.0000011
27.0,-29,0.0000014
27.0,-28,0.0000019
27.0,-27,0.0000026
27.0,-26,0.0000034
27.0,-25,0.0000046
27.0,-24,0.0000068
27.0,-23,0.0000837
27.0,-22,0.0011308
27.0,-21,0.0027628
27.0,-20,0.0011388
27.0,-19,0.0001892
27.0,-18,0.0013801
27.0,-17,0.0033525
27.0,-16,0.0015019
27.0,-15,0.0017097
27.0,-14,0.0039046
27.0,-13,0.0016506
27.0,-12,0.0003416
27.0,-11,0.0020414
27.0,-10,0.0048476
27.0,-9,0.0022558
27.0,-8,0.0025971
27.0,-7,0.0057650
27.0,-6,0.0025747
27.0,-5,0.0007406
27.0,-4,0.0032552
27.0,-3,0.0073819
27.0,-2,0.0034381
27.0,-1,0.0009516
27.0,0,0.0008159
27.0,1,0.0012751
27.0,2,0.0050722
27.0,3,0.0109244
27.0,4,0.0054132
27.0,5,0.0022904
27.0,6,0.0069252
27.0,7,0.0144608
27.0,8,0.0077879
27.0,9,0.0090795
27.0,10,0.0179467
27.0,11,0.0092573
27.0,12,0.0043342
27.0,13,0.0118873
27.0,14,0.0241595
27.0,15,0.0131352
27.0,16,0.0155268
27.0,17,0.0305455
27.0,18,0.0154778
27.0,19,0.0069114
27.0,20,0.0207508
27.0,21,0.0432974
27.0,22,0.0225865
27.0,23,0.0288984
27.0,24,0.0599524
27.0,25,0.0280712
27.0,26,0.0096701
27.0,27,0.0370546
27.0,28,0.0823386
27.0,29,0.0384725
27.0,30,0.0276194
27.0,31,0.0537569
27.0,32,0.0252757
27.0,33,0.0077920
27.0,34,0.0181655
27.0,35,0.0364507
27.0,36,0.0183700
27.0,37,0.0153733
27.0,38,0.0284854
27.0,39,0.0145110
27.0,40,0.0123221
27.0,41,0.0226201
27.0,42,0.0111188
27.0,43,0.0040383
27.0,44,0.0086712
27.0,45,0.0168497
27.0,46,0.0081663
27.0,47,0.0025206
27.0,48,0.0019118
27.0,49,0.0017009
27.0,50,0.0015088
27.0,51,0.0013312
27.0,52,0.0011707
27.0,53,0.0012315
27.0,54,0.0040111
27.0,55,0.0084335
27.0,56,0.0037827
27.0,57,0.0007732
27.0,58,0.0004797
27.0,59,0.0004036
27.0,60,0.0003394
27.0,61,0.0002839
27.0,62,0.0002363
27.0,63,0.0001955
27.0,64,0.0001610
27.0,65,0.0001318
27.0,66,0.0001074
27.0,67,0.0000870
27.0,68,0.0000701
27.0,69,0.0000562
27.0,70,0.0000448
27.0,71,0.0000356
27.0,72,0.0000280
27.0,73,0.0000220
27.0,74,0.0000172